id,prenom,nom,email,poste,telephone,date_naissance,departement,salaire,date_embauche
1,Diana,Garcia,diana.garcia@example.com,Data engineer,0703302458,1993-02-04,Marketing,62468,2014-05-19
2,Vera,Vincent,vera.vincent@example.com,Data analyst,0948927162,1960-09-20,Marketing,55864,2019-08-20
3,Rita,Vincent,rita.vincent@example.com,Data analyst,0945944355,1997-01-25,Marketing,92394,2012-03-24
4,Ivan,Roux,ivan.roux@example.com,Technicien système,0836882453,1960-12-01,Marketing,61649,2021-04-22
5,Vera,Bertrand,vera.bertrand@example.com,Data analyst,0662147926,1977-08-31,Informatique,50021,2021-08-28
6,Xenia,Bertrand,xenia.bertrand@example.com,Développeur,0679102973,1981-08-07,Informatique,62495,2016-10-31
7,Ethan,Thomas,ethan.thomas@example.com,Consultant sécurité,0866755972,1963-09-10,Support,32848,2021-03-26
8,Yann,Dupont,yann.dupont@example.com,Data engineer,0703159248,1992-07-12,Commercial,87000,2015-08-20
9,Bob,Girard,bob.girard@example.com,Administrateur réseau,0686310065,1971-09-09,Support,34323,2019-04-29
10,Rita,Roux,rita.roux@example.com,Data analyst,0904644248,1983-04-18,Commercial,39060,2022-06-13
11,Hannah,Laurent,hannah.laurent@example.com,Analyste,0681972310,1960-06-30,Marketing,59423,2021-12-18
12,Laura,Durand,laura.durand@example.com,Développeur,0791975887,1999-07-04,Comptabilité,42032,2024-09-07
13,Oscar,Bernard,oscar.bernard@example.com,Designer UX/UI,0728348672,1967-03-04,Ressources humaines,77393,2014-09-21
14,Nina,Girard,nina.girard@example.com,Administrateur réseau,0788905525,1973-02-10,Direction,80317,2014-04-26
15,Tina,Richard,tina.richard@example.com,Technicien système,0818250459,1961-06-21,Support,47973,2021-03-10
16,Yann,Dupont,yann.dupont@example.com,Data analyst,0797075202,1966-04-27,Marketing,67588,2017-11-04
17,Max,Petit,max.petit@example.com,Chef de projet,0600884156,1964-03-20,Direction,85033,2014-08-04
18,Oscar,Moreau,oscar.moreau@example.com,Designer UX/UI,0651146741,1962-12-07,Informatique,71790,2011-02-03
19,Quentin,David,quentin.david@example.com,Développeur,0764310634,1985-11-27,Comptabilité,77798,2014-10-13
20,Nina,Bertrand,nina.bertrand@example.com,Développeur,0611689693,1989-03-28,Ressources humaines,69357,2016-01-28
21,Max,Bernard,max.bernard@example.com,Analyste,0674000807,1986-07-10,Ressources humaines,48495,2018-09-17
22,Xenia,David,xenia.david@example.com,Administrateur réseau,0785644973,1982-04-08,Comptabilité,93148,2018-03-30
23,Kevin,Laurent,kevin.laurent@example.com,Chef de projet,0888414531,1993-12-13,Marketing,55076,2023-11-02
24,Oscar,Bertrand,oscar.bertrand@example.com,Data analyst,0713222792,1965-07-24,Informatique,45962,2013-02-02
25,Ugo,Martin,ugo.martin@example.com,DevOps,0872637141,1975-12-01,Comptabilité,79761,2023-08-08
26,Paula,Girard,paula.girard@example.com,Consultant sécurité,0628230675,1993-05-23,Ressources humaines,80203,2015-03-12
27,Nina,Petit,nina.petit@example.com,Data engineer,0809491958,1975-11-25,Support,87701,2019-12-29
28,Kevin,Vincent,kevin.vincent@example.com,DevOps,0684750376,1985-11-07,Support,70136,2020-05-09
29,Max,Bernard,max.bernard@example.com,Développeur,0726873601,1992-03-06,Support,51064,2023-08-31
30,Ivan,Martin,ivan.martin@example.com,Designer UX/UI,0630790363,1998-03-01,Informatique,65840,2022-06-25
31,Sam,David,sam.david@example.com,Technicien système,0817101624,1978-07-08,Informatique,78280,2024-04-12
32,Laura,Girard,laura.girard@example.com,Data engineer,0744731038,1971-11-19,Comptabilité,77291,2022-10-26
33,Yann,Richard,yann.richard@example.com,Technicien système,0703882988,1968-08-12,Ressources humaines,59829,2015-05-04
34,Will,Robert,will.robert@example.com,Data analyst,0957723345,1961-03-20,Comptabilité,83049,2016-03-27
35,Xenia,Bernard,xenia.bernard@example.com,Développeur,0854757194,1987-08-09,Ressources humaines,54618,2010-08-01
36,Ugo,Dupont,ugo.dupont@example.com,Développeur,0993301530,1969-10-02,Marketing,36732,2010-09-06
37,Alice,David,alice.david@example.com,DevOps,0985900336,1972-11-17,Direction,77737,2010-02-20
38,Ugo,Thomas,ugo.thomas@example.com,Designer UX/UI,0969934909,1967-12-16,Marketing,76285,2024-04-26
39,Alice,Robert,alice.robert@example.com,Développeur,0794800433,1987-03-31,Support,32244,2019-12-02
40,Quentin,Durand,quentin.durand@example.com,Administrateur réseau,0789324121,1962-06-19,Ressources humaines,37132,2017-04-29
41,Yann,Thomas,yann.thomas@example.com,Data engineer,0975793918,1985-03-25,Comptabilité,34914,2023-12-21
42,Quentin,Fournier,quentin.fournier@example.com,Designer UX/UI,0633979483,1974-03-15,Informatique,49638,2018-07-29
43,Diana,Laurent,diana.laurent@example.com,Technicien système,0710319019,1972-08-31,Ressources humaines,91365,2014-11-04
44,Bob,Fournier,bob.fournier@example.com,Administrateur réseau,0638166782,1988-07-06,Commercial,37355,2017-04-19
45,Kevin,Morel,kevin.morel@example.com,Data analyst,0810698490,1967-01-26,Direction,30156,2017-07-16
46,Max,Bernard,max.bernard@example.com,Développeur,0750345776,1964-11-08,Ressources humaines,36105,2019-08-21
47,Fiona,Moreau,fiona.moreau@example.com,Administrateur réseau,0910573159,1963-05-14,Commercial,38874,2015-01-24
48,Ivan,Girard,ivan.girard@example.com,Administrateur réseau,0705212649,1992-06-18,Comptabilité,35422,2023-02-05
49,Oscar,Petit,oscar.petit@example.com,Analyste,0909922435,1991-12-20,Informatique,37339,2018-08-25
50,Alice,David,alice.david@example.com,Administrateur réseau,0827086481,1981-12-03,Support,77694,2012-04-05
51,Ethan,Fournier,ethan.fournier@example.com,Designer UX/UI,0794984494,1991-10-03,Commercial,70353,2024-01-14
52,Vera,Bertrand,vera.bertrand@example.com,Analyste,0949443016,1998-08-19,Commercial,49436,2018-10-22
53,Rita,David,rita.david@example.com,Designer UX/UI,0739596716,1965-03-29,Comptabilité,60380,2020-01-16
54,Vera,Bertrand,vera.bertrand@example.com,Data analyst,0864640134,1978-11-23,Support,55102,2011-06-19
55,Nina,Dupont,nina.dupont@example.com,Consultant sécurité,0655622459,1986-06-21,Ressources humaines,60260,2021-07-24
56,Quentin,Simon,quentin.simon@example.com,Analyste,0725232329,1998-05-11,Informatique,56984,2018-03-16
57,Rita,Garcia,rita.garcia@example.com,Data engineer,0610806886,1968-01-16,Support,65793,2015-01-23
58,Fiona,Fournier,fiona.fournier@example.com,Data analyst,0885286837,1967-01-04,Ressources humaines,67887,2021-10-23
59,Alice,Michel,alice.michel@example.com,Data engineer,0933803712,1982-07-01,Informatique,45552,2017-08-29
60,Max,Richard,max.richard@example.com,Développeur,0774385746,1998-11-28,Marketing,35661,2016-09-28
61,Ivan,Petit,ivan.petit@example.com,Technicien système,0852613385,1976-12-18,Commercial,36575,2011-08-27
62,Nina,Moreau,nina.moreau@example.com,Data analyst,0942773498,1963-10-13,Informatique,71964,2015-09-27
63,Zoé,Moreau,zoé.moreau@example.com,Data engineer,0987869590,1978-02-17,Comptabilité,38786,2011-07-16
64,Bob,Dupont,bob.dupont@example.com,Consultant sécurité,0878058575,1998-11-23,Support,43878,2019-03-27
65,Yann,Bernard,yann.bernard@example.com,DevOps,0751908805,1986-08-03,Commercial,34679,2022-07-11
66,Bob,Roux,bob.roux@example.com,Data engineer,0745635648,1974-02-25,Support,59964,2013-07-11
67,Oscar,Girard,oscar.girard@example.com,Consultant sécurité,0772928586,1961-10-20,Support,96565,2012-02-15
68,Ivan,Michel,ivan.michel@example.com,Administrateur réseau,0665657339,1965-01-21,Ressources humaines,80884,2014-10-17
69,Rita,Martin,rita.martin@example.com,Chef de projet,0948349233,1976-05-08,Support,84471,2019-01-19
70,Vera,Girard,vera.girard@example.com,Technicien système,0730272527,2000-06-23,Support,99663,2019-04-24
71,Charlie,Laurent,charlie.laurent@example.com,Data engineer,0885843483,1986-03-12,Ressources humaines,73110,2018-09-27
72,Bob,Petit,bob.petit@example.com,Consultant sécurité,0925993075,1973-05-13,Informatique,89777,2018-01-10
73,Paula,Moreau,paula.moreau@example.com,Administrateur réseau,0947781617,1989-07-30,Marketing,95427,2022-06-02
74,Ivan,Bernard,ivan.bernard@example.com,Développeur,0751000610,1971-06-21,Ressources humaines,31946,2017-07-24
75,Rita,Morel,rita.morel@example.com,Chef de projet,0627153914,1999-10-23,Support,84061,2023-05-24
76,Ethan,Petit,ethan.petit@example.com,Data analyst,0975221639,1969-05-22,Marketing,75251,2015-05-14
77,Bob,David,bob.david@example.com,Développeur,0727198359,1983-10-27,Support,59915,2011-01-26
78,Diana,Richard,diana.richard@example.com,Data analyst,0659103374,1986-10-13,Marketing,41039,2022-07-17
79,George,Durand,george.durand@example.com,DevOps,0761701672,1986-02-20,Ressources humaines,68963,2011-07-02
80,Ugo,Garcia,ugo.garcia@example.com,DevOps,0857219548,1969-01-01,Support,33252,2019-10-24
81,Nina,Laurent,nina.laurent@example.com,Chef de projet,0868638516,1992-09-15,Support,66432,2024-07-26
82,Sam,Dupont,sam.dupont@example.com,Designer UX/UI,0645710590,1967-03-01,Direction,30870,2011-06-27
83,Paula,Thomas,paula.thomas@example.com,Consultant sécurité,0630466126,1960-05-08,Marketing,83874,2013-07-21
84,Oscar,Thomas,oscar.thomas@example.com,Chef de projet,0977938169,1965-05-11,Commercial,66013,2011-02-26
85,Vera,Moreau,vera.moreau@example.com,Data engineer,0853702720,1994-09-06,Direction,53847,2011-03-01
86,Kevin,Robert,kevin.robert@example.com,Analyste,0968134781,1991-07-04,Informatique,70648,2019-07-05
87,Will,Richard,will.richard@example.com,Data engineer,0626477200,1992-08-09,Direction,97391,2020-12-04
88,Vera,Laurent,vera.laurent@example.com,Data analyst,0898353803,1961-06-25,Ressources humaines,71006,2015-09-28
89,Max,David,max.david@example.com,Consultant sécurité,0723655853,1987-07-03,Comptabilité,86397,2020-02-02
90,Zoé,Thomas,zoé.thomas@example.com,Administrateur réseau,0685075976,1978-01-20,Support,92588,2019-05-01
91,Fiona,Bertrand,fiona.bertrand@example.com,Technicien système,0776768088,2000-10-17,Direction,30904,2020-11-05
92,Xenia,Robert,xenia.robert@example.com,DevOps,0798768037,1976-09-22,Support,43484,2019-12-28
93,Kevin,Martin,kevin.martin@example.com,Consultant sécurité,0877007055,1962-07-11,Marketing,43423,2013-05-18
94,Laura,Laurent,laura.laurent@example.com,DevOps,0769787798,1993-09-11,Direction,40621,2018-07-21
95,Diana,Richard,diana.richard@example.com,Designer UX/UI,0970095827,1975-03-12,Ressources humaines,58666,2023-07-21
96,Ugo,Vincent,ugo.vincent@example.com,Consultant sécurité,0822112891,1961-06-17,Ressources humaines,78429,2010-01-23
97,Yann,Martin,yann.martin@example.com,Data analyst,0847694367,1999-01-18,Direction,69510,2012-01-04
98,Ivan,Vincent,ivan.vincent@example.com,Data engineer,0694017485,1982-09-24,Informatique,72918,2019-02-02
99,Fiona,Roux,fiona.roux@example.com,Data analyst,0600656280,1996-06-14,Commercial,55245,2010-02-21
100,Zoé,David,zoé.david@example.com,Chef de projet,0869171051,1979-10-11,Marketing,63236,2013-05-24
101,Fiona,Martin,fiona.martin@example.com,Administrateur réseau,0995740530,1996-10-02,Support,34893,2015-08-17
102,Kevin,Moreau,kevin.moreau@example.com,Chef de projet,0667705031,1995-05-02,Comptabilité,29303,2020-10-31
103,Vera,Garcia,vera.garcia@example.com,Développeur,0934386466,1976-02-17,Informatique,93518,2017-08-23
104,Vera,Durand,vera.durand@example.com,Analyste,0947637979,1963-11-07,Direction,43521,2017-09-13
105,Alice,Morel,alice.morel@example.com,Développeur,0655394355,1960-08-27,Support,60629,2024-08-02
106,Julia,Thomas,julia.thomas@example.com,Administrateur réseau,0612832672,1993-01-16,Informatique,44022,2019-07-24
107,Paula,Michel,paula.michel@example.com,Technicien système,0613114770,1965-06-10,Support,34411,2023-06-26
108,Zoé,Roux,zoé.roux@example.com,Administrateur réseau,0848603337,1988-05-05,Direction,96754,2014-01-09
109,Ivan,Michel,ivan.michel@example.com,Designer UX/UI,0831878884,1976-06-07,Marketing,84141,2016-06-29
110,Alice,Morel,alice.morel@example.com,DevOps,0823167262,1993-09-28,Marketing,83436,2022-10-14
111,Ivan,Dupont,ivan.dupont@example.com,Data engineer,0974387241,1984-11-03,Direction,56363,2011-06-25
112,Charlie,Fournier,charlie.fournier@example.com,Data analyst,0906242789,1984-01-09,Marketing,63573,2015-04-21
113,Kevin,Petit,kevin.petit@example.com,DevOps,0941471061,1998-02-24,Ressources humaines,38365,2018-05-27
114,Oscar,Bertrand,oscar.bertrand@example.com,Data engineer,0814866174,1962-09-07,Support,31078,2016-09-30
115,Vera,Michel,vera.michel@example.com,Designer UX/UI,0811928734,1970-08-10,Informatique,93696,2016-08-03
116,Nina,Simon,nina.simon@example.com,Data analyst,0783541581,1999-01-25,Comptabilité,51238,2018-07-15
117,Diana,Dupont,diana.dupont@example.com,Analyste,0611079657,1962-04-03,Comptabilité,54316,2022-11-12
118,Oscar,Girard,oscar.girard@example.com,Analyste,0952328228,2000-07-28,Commercial,82345,2014-07-17
119,Tina,Richard,tina.richard@example.com,Data engineer,0606942373,1999-09-10,Marketing,38688,2020-05-18
120,Oscar,Simon,oscar.simon@example.com,Consultant sécurité,0881523105,1996-01-24,Commercial,96591,2023-12-29
121,Ethan,Simon,ethan.simon@example.com,Chef de projet,0658965410,1968-08-31,Comptabilité,56223,2019-09-30
122,Nina,Garcia,nina.garcia@example.com,Technicien système,0890993411,1984-10-20,Informatique,87778,2021-09-11
123,Bob,Dupont,bob.dupont@example.com,Consultant sécurité,0781709035,1975-08-29,Informatique,32942,2024-02-10
124,Zoé,Girard,zoé.girard@example.com,Développeur,0878783958,1974-11-27,Support,99412,2010-12-05
125,Xenia,Durand,xenia.durand@example.com,Consultant sécurité,0865616990,1979-01-18,Support,91580,2023-10-03
126,Kevin,Laurent,kevin.laurent@example.com,Designer UX/UI,0755716144,1979-08-17,Ressources humaines,86779,2020-10-09
127,Laura,Dupont,laura.dupont@example.com,Chef de projet,0749371117,1999-07-21,Direction,46289,2021-06-10
128,Tina,Simon,tina.simon@example.com,DevOps,0650359845,1963-10-10,Ressources humaines,48093,2016-09-03
129,Laura,Dupont,laura.dupont@example.com,DevOps,0755218771,1980-01-08,Comptabilité,81807,2020-04-28
130,Ethan,Laurent,ethan.laurent@example.com,Data engineer,0927996501,1965-02-25,Commercial,92789,2019-12-14
131,Xenia,Martin,xenia.martin@example.com,Administrateur réseau,0984714764,1970-07-16,Support,53703,2023-09-24
132,Bob,Durand,bob.durand@example.com,Technicien système,0804792587,1993-11-01,Commercial,64600,2013-08-31
133,Ugo,Bernard,ugo.bernard@example.com,Consultant sécurité,0616007083,1968-12-28,Direction,91292,2024-08-30
134,Fiona,Robert,fiona.robert@example.com,Technicien système,0753744954,1968-02-11,Comptabilité,99938,2015-01-13
135,Hannah,Martin,hannah.martin@example.com,Administrateur réseau,0924698890,1969-11-29,Commercial,44248,2021-07-12
136,Ivan,Roux,ivan.roux@example.com,DevOps,0917961206,1965-02-24,Comptabilité,88545,2023-01-03
137,Rita,Vincent,rita.vincent@example.com,Consultant sécurité,0903058186,1977-08-14,Ressources humaines,94483,2014-10-22
138,Nina,Morel,nina.morel@example.com,Data analyst,0654216486,1981-12-16,Ressources humaines,38775,2013-05-13
139,Nina,Laurent,nina.laurent@example.com,Designer UX/UI,0752596771,1981-12-03,Direction,57845,2024-09-09
140,Ivan,Michel,ivan.michel@example.com,Chef de projet,0827390247,1989-12-02,Ressources humaines,72304,2017-05-08
141,Max,Fournier,max.fournier@example.com,Analyste,0691362836,1968-11-08,Ressources humaines,48333,2019-01-19
142,Hannah,Laurent,hannah.laurent@example.com,Analyste,0970761070,1978-06-05,Commercial,72634,2016-10-28
143,Ethan,Bernard,ethan.bernard@example.com,Administrateur réseau,0826822141,1983-10-22,Comptabilité,80418,2020-06-23
144,Yann,Robert,yann.robert@example.com,Data analyst,0729438873,1980-04-23,Support,80125,2022-09-20
145,Tina,Garcia,tina.garcia@example.com,Data analyst,0882487915,1999-01-16,Comptabilité,83301,2014-09-18
146,Hannah,Moreau,hannah.moreau@example.com,Data analyst,0731435718,1991-12-18,Informatique,71157,2011-06-16
147,Ethan,Martin,ethan.martin@example.com,Technicien système,0955740061,1990-03-12,Ressources humaines,74575,2019-03-03
148,Charlie,Richard,charlie.richard@example.com,Administrateur réseau,0739030054,1975-04-19,Direction,74338,2021-09-05
149,Rita,Morel,rita.morel@example.com,Data analyst,0644493723,1961-11-29,Support,52891,2010-01-14
150,George,Fournier,george.fournier@example.com,Analyste,0848146633,1991-10-13,Comptabilité,73600,2023-05-14
151,Will,Dupont,will.dupont@example.com,Chef de projet,0960881944,1971-09-03,Commercial,29882,2015-11-22
152,Alice,Girard,alice.girard@example.com,Développeur,0635617540,1982-06-13,Comptabilité,55615,2017-09-07
153,Rita,Petit,rita.petit@example.com,Développeur,0642392740,1963-09-30,Commercial,29079,2017-07-07
154,Fiona,Bernard,fiona.bernard@example.com,Administrateur réseau,0889797361,1976-03-01,Marketing,93621,2022-11-20
155,Hannah,Bernard,hannah.bernard@example.com,Administrateur réseau,0723247572,1986-11-23,Marketing,45258,2015-11-22
156,Hannah,Martin,hannah.martin@example.com,Data analyst,0754443768,1977-12-01,Marketing,50597,2018-12-28
157,Quentin,Vincent,quentin.vincent@example.com,Chef de projet,0806934138,2000-08-19,Commercial,64763,2019-07-17
158,Julia,Fournier,julia.fournier@example.com,Designer UX/UI,0846299162,1984-04-26,Direction,77105,2018-04-13
159,Fiona,Robert,fiona.robert@example.com,Technicien système,0713211979,1991-04-09,Support,99124,2014-11-20
160,Kevin,Vincent,kevin.vincent@example.com,Technicien système,0761158205,1969-04-21,Marketing,74928,2010-11-06
161,Xenia,Thomas,xenia.thomas@example.com,Développeur,0696428155,1974-06-26,Marketing,75162,2019-04-01
162,Ethan,Richard,ethan.richard@example.com,Développeur,0667111465,1997-10-01,Direction,32746,2012-09-05
163,Diana,Bertrand,diana.bertrand@example.com,Data engineer,0816754166,1971-02-23,Commercial,65346,2020-08-26
164,Max,Michel,max.michel@example.com,Technicien système,0652997680,1966-08-28,Commercial,35804,2014-02-05
165,Julia,Garcia,julia.garcia@example.com,Développeur,0864824920,1989-04-13,Commercial,47613,2022-08-03
166,Kevin,Simon,kevin.simon@example.com,DevOps,0783226341,1962-03-22,Comptabilité,62364,2014-08-15
167,Xenia,Michel,xenia.michel@example.com,Développeur,0654150801,1988-01-25,Direction,74361,2022-05-29
168,Sam,Bertrand,sam.bertrand@example.com,Chef de projet,0617948990,1995-06-10,Direction,71493,2020-11-20
169,Will,Martin,will.martin@example.com,Administrateur réseau,0667920476,1979-01-05,Commercial,41167,2022-06-20
170,Fiona,Dupont,fiona.dupont@example.com,Data analyst,0650595611,1973-12-18,Direction,76256,2014-11-16
171,Rita,Vincent,rita.vincent@example.com,Analyste,0639037636,1969-07-10,Direction,71293,2016-04-29
172,Ugo,Girard,ugo.girard@example.com,Designer UX/UI,0980364781,1988-05-14,Direction,44168,2024-01-01
173,Hannah,Moreau,hannah.moreau@example.com,Analyste,0795585215,1963-12-02,Direction,78996,2021-11-19
174,Laura,Vincent,laura.vincent@example.com,Designer UX/UI,0878049802,2000-12-17,Marketing,56168,2023-08-18
175,Bob,Simon,bob.simon@example.com,Analyste,0944049977,1999-09-16,Direction,37094,2020-10-15
176,Julia,Bernard,julia.bernard@example.com,Consultant sécurité,0842031921,1979-11-14,Comptabilité,82432,2021-10-04
177,Alice,David,alice.david@example.com,Chef de projet,0826677761,1961-04-10,Informatique,58597,2021-09-24
178,Alice,Laurent,alice.laurent@example.com,Data engineer,0660973779,1975-01-23,Ressources humaines,66878,2017-02-08
179,Nina,Vincent,nina.vincent@example.com,Data engineer,0604587204,1977-07-14,Informatique,82264,2014-05-22
180,Julia,David,julia.david@example.com,Consultant sécurité,0750721408,1986-12-25,Support,60402,2021-05-09
181,Vera,Martin,vera.martin@example.com,DevOps,0935340222,1986-10-20,Marketing,94725,2016-08-18
182,Will,David,will.david@example.com,Chef de projet,0602897097,1985-10-22,Support,77006,2021-04-13
183,Rita,Girard,rita.girard@example.com,DevOps,0812049893,1971-10-11,Comptabilité,55676,2023-01-15
184,Ethan,Morel,ethan.morel@example.com,Administrateur réseau,0915915330,1965-02-04,Support,30415,2017-11-12
185,Tina,Durand,tina.durand@example.com,Designer UX/UI,0838395134,1974-11-04,Ressources humaines,34554,2022-10-12
186,Diana,Garcia,diana.garcia@example.com,Technicien système,0820454793,1966-07-09,Support,86165,2022-06-03
187,Laura,Vincent,laura.vincent@example.com,Designer UX/UI,0610859408,1986-08-08,Direction,59559,2019-06-16
188,Charlie,Fournier,charlie.fournier@example.com,Administrateur réseau,0948532089,1989-02-04,Direction,36136,2022-08-10
189,Tina,Laurent,tina.laurent@example.com,Data engineer,0649256561,2000-11-07,Commercial,66559,2018-11-24
190,Diana,Martin,diana.martin@example.com,Administrateur réseau,0774594110,1999-02-14,Informatique,34781,2019-07-28
191,Alice,Dupont,alice.dupont@example.com,Développeur,0918469417,1979-10-02,Ressources humaines,50818,2010-09-21
192,Julia,Moreau,julia.moreau@example.com,Technicien système,0782138695,1990-11-05,Marketing,34967,2024-02-28
193,Fiona,Petit,fiona.petit@example.com,Designer UX/UI,0786893408,1976-07-02,Informatique,52296,2019-05-29
194,Fiona,Durand,fiona.durand@example.com,Technicien système,0708269186,1995-02-17,Support,31420,2014-08-17
195,Vera,Morel,vera.morel@example.com,Consultant sécurité,0801372615,1968-12-16,Informatique,42747,2021-05-31
196,Fiona,Girard,fiona.girard@example.com,Technicien système,0617996680,1981-08-25,Direction,93487,2012-05-21
197,Will,Bertrand,will.bertrand@example.com,Technicien système,0635737460,1989-10-09,Marketing,41997,2016-05-31
198,Ugo,Michel,ugo.michel@example.com,Chef de projet,0918221924,1984-09-04,Commercial,33199,2017-07-08
199,Tina,Simon,tina.simon@example.com,Technicien système,0855626278,1964-11-06,Commercial,82662,2012-06-13
200,Xenia,Martin,xenia.martin@example.com,DevOps,0893613067,1989-07-08,Commercial,48668,2014-10-06
201,Bob,Richard,bob.richard@example.com,Data analyst,0721244143,1983-07-01,Informatique,77051,2010-04-12
202,Rita,Fournier,rita.fournier@example.com,DevOps,0751915567,1994-09-14,Ressources humaines,51367,2012-11-15
203,Paula,Moreau,paula.moreau@example.com,Designer UX/UI,0855371879,1962-12-16,Support,89909,2014-09-25
204,Charlie,Moreau,charlie.moreau@example.com,Data analyst,0607092694,1989-12-26,Support,36554,2011-10-20
205,Ivan,Roux,ivan.roux@example.com,Administrateur réseau,0747134833,2000-07-19,Direction,74155,2024-05-13
206,Xenia,Roux,xenia.roux@example.com,DevOps,0721615521,1965-03-13,Commercial,48051,2014-12-11
207,Tina,Durand,tina.durand@example.com,Data analyst,0819014083,1987-06-19,Support,80666,2020-03-29
208,Fiona,Petit,fiona.petit@example.com,Data analyst,0810499729,1967-03-05,Marketing,46039,2017-05-21
209,Kevin,Laurent,kevin.laurent@example.com,Data analyst,0863244000,1989-11-26,Comptabilité,64654,2012-06-12
210,Xenia,Michel,xenia.michel@example.com,Technicien système,0646287666,1990-02-20,Ressources humaines,88581,2020-06-21
211,George,Dupont,george.dupont@example.com,Technicien système,0697302742,1980-04-01,Informatique,50382,2015-08-13
212,Diana,David,diana.david@example.com,DevOps,0723470746,1963-04-14,Commercial,77815,2021-10-27
213,Bob,Durand,bob.durand@example.com,Designer UX/UI,0775749097,1979-02-23,Marketing,79594,2020-12-17
214,Oscar,Fournier,oscar.fournier@example.com,Consultant sécurité,0827023206,1973-10-07,Direction,68566,2013-04-06
215,Max,Girard,max.girard@example.com,Data engineer,0874534375,1969-08-20,Support,44545,2016-12-03
216,Quentin,Richard,quentin.richard@example.com,DevOps,0916179488,1973-03-15,Ressources humaines,64813,2018-10-13
217,Oscar,Robert,oscar.robert@example.com,DevOps,0743549197,1963-12-22,Direction,59542,2015-06-28
218,Max,Michel,max.michel@example.com,Technicien système,0626151163,1974-09-08,Ressources humaines,58830,2010-02-08
219,Julia,Michel,julia.michel@example.com,Analyste,0956872134,1994-06-01,Informatique,58037,2014-03-22
220,Yann,David,yann.david@example.com,Analyste,0739449676,1999-06-18,Commercial,90180,2015-08-16
221,Paula,Robert,paula.robert@example.com,Analyste,0863127265,1965-03-20,Support,96707,2015-05-23
222,Alice,Michel,alice.michel@example.com,Chef de projet,0649809722,1978-06-19,Informatique,64091,2011-06-17
223,Diana,Robert,diana.robert@example.com,DevOps,0890552865,1984-05-25,Direction,32668,2024-01-02
224,Vera,David,vera.david@example.com,Analyste,0919805297,1966-01-14,Commercial,41060,2024-05-28
225,Charlie,Richard,charlie.richard@example.com,Administrateur réseau,0936083413,1998-11-30,Direction,44505,2023-04-23
226,Oscar,Moreau,oscar.moreau@example.com,Consultant sécurité,0671211764,1990-06-03,Informatique,72117,2016-12-06
227,Ivan,Robert,ivan.robert@example.com,Chef de projet,0734962855,1976-10-07,Direction,38591,2013-11-02
228,Hannah,David,hannah.david@example.com,Analyste,0950003536,1976-11-05,Ressources humaines,43078,2016-10-18
229,Hannah,Morel,hannah.morel@example.com,Data engineer,0995386383,1999-02-24,Comptabilité,65820,2019-07-20
230,Fiona,Bertrand,fiona.bertrand@example.com,DevOps,0776516016,1969-09-27,Informatique,47893,2015-06-02
231,Hannah,David,hannah.david@example.com,Data engineer,0646151150,1998-09-22,Comptabilité,82149,2017-11-25
232,Alice,Bernard,alice.bernard@example.com,Analyste,0932409984,1966-08-20,Informatique,81789,2011-05-14
233,Yann,Thomas,yann.thomas@example.com,Administrateur réseau,0777643482,1984-11-05,Support,78645,2012-07-19
234,Diana,Roux,diana.roux@example.com,Chef de projet,0714601878,1999-09-29,Ressources humaines,56972,2011-11-10
235,Rita,Durand,rita.durand@example.com,Consultant sécurité,0921484858,1992-09-16,Support,65177,2017-05-10
236,Kevin,Martin,kevin.martin@example.com,Chef de projet,0628656292,1991-10-20,Commercial,54229,2022-02-03
237,Diana,Durand,diana.durand@example.com,Data analyst,0640542483,1982-03-11,Ressources humaines,46404,2017-03-15
238,Ethan,Richard,ethan.richard@example.com,DevOps,0788775014,1998-08-06,Ressources humaines,61574,2010-10-26
239,Rita,Robert,rita.robert@example.com,Data analyst,0662140588,1999-12-08,Informatique,64151,2016-05-30
240,Charlie,Roux,charlie.roux@example.com,Chef de projet,0937268219,1993-12-13,Commercial,37874,2014-05-07
241,Rita,Michel,rita.michel@example.com,Data engineer,0793509892,1966-06-20,Ressources humaines,93368,2016-07-03
242,Max,David,max.david@example.com,Chef de projet,0850006348,1993-03-09,Informatique,53316,2017-06-13
243,Yann,Morel,yann.morel@example.com,Développeur,0822197932,1986-06-08,Support,95491,2014-08-25
244,Hannah,Dupont,hannah.dupont@example.com,DevOps,0930430084,2000-10-03,Commercial,67418,2016-04-22
245,Oscar,Robert,oscar.robert@example.com,Administrateur réseau,0970302112,1971-12-01,Commercial,47957,2022-05-19
246,Julia,Martin,julia.martin@example.com,Administrateur réseau,0663929588,1960-10-05,Ressources humaines,32046,2020-06-19
247,Vera,Laurent,vera.laurent@example.com,Développeur,0629898572,1976-02-06,Support,78070,2019-04-15
248,Vera,Richard,vera.richard@example.com,Analyste,0807386190,1967-01-16,Comptabilité,87788,2023-03-03
249,Laura,Dupont,laura.dupont@example.com,Administrateur réseau,0954924985,1992-12-22,Informatique,85209,2011-12-12
250,Oscar,Roux,oscar.roux@example.com,Designer UX/UI,0739908229,1962-12-08,Marketing,54464,2014-04-05
251,Vera,Richard,vera.richard@example.com,Analyste,0702473757,2000-12-09,Direction,68846,2023-03-03
252,Charlie,Roux,charlie.roux@example.com,Data analyst,0912942551,1974-01-15,Comptabilité,70697,2024-02-29
253,Ivan,Morel,ivan.morel@example.com,Data engineer,0997386615,1963-09-07,Support,31838,2012-10-27
254,Laura,Roux,laura.roux@example.com,Data engineer,0738925881,1960-12-16,Marketing,85635,2019-07-18
255,Kevin,Petit,kevin.petit@example.com,Analyste,0672989189,1993-01-30,Commercial,29807,2018-01-12
256,Vera,Laurent,vera.laurent@example.com,Consultant sécurité,0999747451,1984-01-27,Ressources humaines,80440,2021-12-26
257,Yann,Bertrand,yann.bertrand@example.com,Analyste,0786608051,1984-05-04,Comptabilité,36453,2022-05-24
258,Zoé,Dupont,zoé.dupont@example.com,Data analyst,0948377997,1986-02-18,Ressources humaines,49782,2011-03-17
259,Sam,Fournier,sam.fournier@example.com,Chef de projet,0828856437,1994-05-29,Direction,31774,2013-10-12
260,Ivan,Garcia,ivan.garcia@example.com,Designer UX/UI,0845424492,1997-02-26,Support,92503,2014-10-08
261,Vera,Bertrand,vera.bertrand@example.com,Administrateur réseau,0984629095,1997-06-10,Informatique,46036,2013-08-30
262,Julia,Bernard,julia.bernard@example.com,Data engineer,0877139512,1968-08-09,Direction,34231,2017-12-24
263,Will,Garcia,will.garcia@example.com,Administrateur réseau,0908554262,2000-12-23,Ressources humaines,70882,2010-04-07
264,Sam,Martin,sam.martin@example.com,Technicien système,0727628963,1992-01-31,Marketing,49668,2010-02-26
265,Bob,Bernard,bob.bernard@example.com,Technicien système,0836246953,1978-09-14,Ressources humaines,92644,2010-09-16
266,Hannah,Robert,hannah.robert@example.com,Consultant sécurité,0737143269,1994-09-28,Marketing,46738,2014-01-29
267,Max,Fournier,max.fournier@example.com,Chef de projet,0950449949,1980-04-02,Ressources humaines,87856,2019-06-17
268,Kevin,Roux,kevin.roux@example.com,Data analyst,0849800282,1993-08-25,Marketing,48742,2016-05-25
269,Kevin,Laurent,kevin.laurent@example.com,Chef de projet,0976760452,1998-11-02,Marketing,63720,2021-01-07
270,Charlie,Garcia,charlie.garcia@example.com,Data analyst,0864635312,1972-04-10,Marketing,78534,2022-03-21
271,Quentin,David,quentin.david@example.com,DevOps,0754629042,1984-10-15,Marketing,89572,2013-08-13
272,Ivan,Simon,ivan.simon@example.com,Data engineer,0976865716,1972-05-05,Comptabilité,97888,2012-04-26
273,Alice,Bertrand,alice.bertrand@example.com,Technicien système,0965115755,1989-03-05,Ressources humaines,39595,2015-10-11
274,Xenia,Richard,xenia.richard@example.com,Développeur,0977399378,1986-03-09,Support,36646,2023-03-06
275,Max,Garcia,max.garcia@example.com,DevOps,0760262447,1967-11-14,Ressources humaines,92128,2018-04-10
276,Ugo,Garcia,ugo.garcia@example.com,Administrateur réseau,0702873389,1978-11-24,Ressources humaines,49023,2019-08-26
277,Julia,Richard,julia.richard@example.com,Designer UX/UI,0830037615,1971-08-02,Comptabilité,68923,2019-05-29
278,George,Michel,george.michel@example.com,Data analyst,0697703330,1977-12-11,Direction,52877,2017-01-31
279,Bob,Bertrand,bob.bertrand@example.com,Data analyst,0620000853,1971-11-09,Support,52493,2017-10-04
280,Laura,Laurent,laura.laurent@example.com,Data engineer,0838606046,1981-06-16,Support,50470,2015-12-05
281,Alice,Durand,alice.durand@example.com,Data engineer,0864763865,1972-05-12,Commercial,68145,2015-05-18
282,Nina,Richard,nina.richard@example.com,DevOps,0942092626,1975-08-30,Comptabilité,52696,2022-02-23
283,Rita,David,rita.david@example.com,Consultant sécurité,0951271482,1987-04-16,Support,89115,2024-10-26
284,Paula,Thomas,paula.thomas@example.com,Administrateur réseau,0791703738,1978-04-03,Comptabilité,73120,2012-12-03
285,Paula,Garcia,paula.garcia@example.com,Chef de projet,0614161135,1997-02-13,Direction,32963,2022-01-03
286,Xenia,Durand,xenia.durand@example.com,Développeur,0608545036,1992-08-31,Direction,97296,2014-03-22
287,Charlie,Morel,charlie.morel@example.com,Designer UX/UI,0647834937,1995-11-14,Direction,90753,2024-01-25
288,Hannah,Petit,hannah.petit@example.com,Consultant sécurité,0677070226,1994-04-30,Informatique,29143,2010-02-20
289,Diana,Girard,diana.girard@example.com,Data analyst,0987375921,1988-09-01,Commercial,37134,2024-01-07
290,Oscar,Fournier,oscar.fournier@example.com,Consultant sécurité,0743942892,1975-02-16,Direction,55073,2011-10-02
291,Bob,Richard,bob.richard@example.com,Data analyst,0681573989,1984-05-18,Comptabilité,31437,2015-07-08
292,Sam,Martin,sam.martin@example.com,Designer UX/UI,0913382357,1977-04-13,Comptabilité,54619,2021-06-28
293,Fiona,Simon,fiona.simon@example.com,Consultant sécurité,0913283704,1967-07-02,Comptabilité,48970,2013-08-23
294,Ethan,Richard,ethan.richard@example.com,Data analyst,0781263153,1982-09-15,Ressources humaines,37953,2019-12-08
295,Alice,Durand,alice.durand@example.com,Technicien système,0930992722,1976-08-21,Commercial,55607,2019-03-12
296,Diana,Michel,diana.michel@example.com,DevOps,0965701230,1981-05-14,Informatique,58797,2017-04-07
297,Paula,Martin,paula.martin@example.com,Développeur,0611452581,1974-08-07,Ressources humaines,66025,2011-02-07
298,Nina,Morel,nina.morel@example.com,Chef de projet,0732066427,1986-04-04,Support,61699,2012-07-15
299,Zoé,Martin,zoé.martin@example.com,Consultant sécurité,0783746038,1961-02-17,Support,30540,2010-01-04
300,Sam,Martin,sam.martin@example.com,Data engineer,0963918807,1970-11-22,Informatique,47360,2011-11-19
301,Will,Fournier,will.fournier@example.com,Chef de projet,0942572074,1976-02-29,Ressources humaines,45709,2011-07-31
302,Ugo,Martin,ugo.martin@example.com,Technicien système,0749249001,1970-04-04,Commercial,75142,2016-07-25
303,Will,Martin,will.martin@example.com,Technicien système,0662059264,1999-10-17,Ressources humaines,88914,2020-10-04
304,George,Morel,george.morel@example.com,Chef de projet,0815290989,1993-04-28,Informatique,69354,2022-09-05
305,Quentin,Morel,quentin.morel@example.com,Data analyst,0837611846,1971-02-24,Marketing,92856,2013-08-27
306,Rita,Roux,rita.roux@example.com,Administrateur réseau,0925987320,1977-03-22,Commercial,53906,2019-02-09
307,Ethan,Michel,ethan.michel@example.com,Chef de projet,0795472800,1989-03-11,Informatique,98684,2020-11-08
308,Julia,Richard,julia.richard@example.com,Consultant sécurité,0797942538,1991-12-24,Marketing,69989,2017-12-29
309,Zoé,Bernard,zoé.bernard@example.com,Data engineer,0894692509,1992-03-16,Commercial,86441,2020-12-06
310,Sam,Fournier,sam.fournier@example.com,Designer UX/UI,0769498355,1973-12-17,Marketing,75031,2021-07-07
311,Zoé,Morel,zoé.morel@example.com,Designer UX/UI,0676701424,1975-08-06,Comptabilité,33555,2023-10-27
312,Rita,Morel,rita.morel@example.com,Technicien système,0813305240,1990-01-27,Support,79649,2017-06-23
313,Ivan,Petit,ivan.petit@example.com,Administrateur réseau,0929618472,1992-09-08,Informatique,95088,2012-02-13
314,Charlie,Petit,charlie.petit@example.com,Designer UX/UI,0867886888,1999-02-28,Commercial,99486,2015-12-21
315,Paula,Bertrand,paula.bertrand@example.com,Analyste,0682736387,1995-10-14,Commercial,59431,2023-05-24
316,Fiona,Martin,fiona.martin@example.com,Data analyst,0989950850,1964-09-20,Commercial,86510,2020-05-25
317,Ethan,Fournier,ethan.fournier@example.com,DevOps,0728568669,1981-10-16,Informatique,81677,2011-09-06
318,Ethan,Martin,ethan.martin@example.com,Technicien système,0970942955,1966-01-23,Marketing,31810,2011-11-24
319,Rita,Girard,rita.girard@example.com,Analyste,0702598761,1971-12-12,Commercial,36359,2017-03-07
320,Alice,Dupont,alice.dupont@example.com,Chef de projet,0709558120,1975-03-09,Comptabilité,54319,2019-05-16
321,Julia,Simon,julia.simon@example.com,Designer UX/UI,0653777207,1960-06-17,Direction,93430,2015-04-02
322,Oscar,Laurent,oscar.laurent@example.com,Designer UX/UI,0874778394,1999-09-11,Direction,76983,2011-02-14
323,George,Robert,george.robert@example.com,Chef de projet,0776918890,1999-05-31,Support,62384,2013-03-06
324,Charlie,Bertrand,charlie.bertrand@example.com,Data engineer,0787689099,1989-05-04,Commercial,32407,2021-06-03
325,Alice,Michel,alice.michel@example.com,Data engineer,0976865720,1967-10-30,Commercial,72701,2016-12-22
326,Yann,Dupont,yann.dupont@example.com,Administrateur réseau,0894157940,1999-05-01,Ressources humaines,32856,2019-06-19
327,Max,Fournier,max.fournier@example.com,Technicien système,0949624168,1977-07-12,Marketing,88280,2023-03-12
328,Oscar,Dupont,oscar.dupont@example.com,Technicien système,0748862146,1987-06-10,Informatique,69819,2013-06-17
329,Ivan,Simon,ivan.simon@example.com,Consultant sécurité,0899795361,1987-11-25,Ressources humaines,86033,2024-06-11
330,Tina,Durand,tina.durand@example.com,Développeur,0908311115,1997-12-31,Comptabilité,31826,2011-02-10
331,Fiona,Michel,fiona.michel@example.com,Data engineer,0959154989,1993-06-25,Marketing,93628,2012-06-30
332,Will,Moreau,will.moreau@example.com,DevOps,0842190990,1987-01-27,Marketing,63906,2023-08-11
333,Kevin,Garcia,kevin.garcia@example.com,Analyste,0943167832,1985-02-02,Direction,41964,2020-03-10
334,Ivan,Morel,ivan.morel@example.com,Consultant sécurité,0763471140,1990-08-28,Informatique,39909,2010-02-10
335,Alice,Thomas,alice.thomas@example.com,Chef de projet,0720905556,1976-02-28,Ressources humaines,53763,2017-04-08
336,George,Garcia,george.garcia@example.com,Technicien système,0863357649,1961-07-19,Commercial,41934,2020-03-26
337,George,Richard,george.richard@example.com,Data analyst,0654975393,1996-05-25,Marketing,93083,2014-01-14
338,Yann,Dupont,yann.dupont@example.com,Chef de projet,0859633233,1999-07-26,Support,70611,2017-12-30
339,Ethan,Moreau,ethan.moreau@example.com,Technicien système,0731866505,1961-08-12,Marketing,31594,2015-08-02
340,Oscar,Petit,oscar.petit@example.com,DevOps,0958466484,1981-08-22,Marketing,53163,2014-12-17
341,Tina,Richard,tina.richard@example.com,Designer UX/UI,0763548256,1983-05-12,Comptabilité,39386,2011-01-09
342,Diana,Laurent,diana.laurent@example.com,Administrateur réseau,0688290316,1988-10-01,Informatique,79186,2013-02-10
343,Yann,Dupont,yann.dupont@example.com,Analyste,0988892205,1973-01-24,Marketing,65360,2018-12-03
344,Ethan,Fournier,ethan.fournier@example.com,Technicien système,0862284671,1999-10-04,Direction,43913,2012-04-02
345,Rita,Moreau,rita.moreau@example.com,DevOps,0927960507,1998-11-09,Commercial,61362,2016-10-16
346,Ivan,David,ivan.david@example.com,Analyste,0931724841,1995-06-18,Commercial,56864,2017-03-13
347,Nina,Roux,nina.roux@example.com,Analyste,0634685358,1969-03-09,Direction,59851,2011-09-07
348,Max,Girard,max.girard@example.com,Data engineer,0909350075,1982-11-20,Commercial,87403,2019-01-29
349,Laura,Moreau,laura.moreau@example.com,Analyste,0741537347,1964-02-29,Direction,76324,2024-01-30
350,Rita,Dupont,rita.dupont@example.com,Chef de projet,0705965919,1989-08-01,Direction,43137,2010-04-29
351,Yann,Richard,yann.richard@example.com,Développeur,0756318766,1999-05-10,Commercial,29554,2014-04-14
352,Hannah,Moreau,hannah.moreau@example.com,Consultant sécurité,0664623972,1984-08-07,Support,51225,2023-09-13
353,Bob,Dupont,bob.dupont@example.com,Analyste,0836180538,1991-05-23,Direction,79226,2021-12-27
354,Oscar,Richard,oscar.richard@example.com,Data analyst,0620445662,1986-07-13,Commercial,32828,2020-02-09
355,Alice,Dupont,alice.dupont@example.com,Designer UX/UI,0954411427,1987-07-28,Informatique,33449,2018-07-29
356,Alice,Bertrand,alice.bertrand@example.com,Data analyst,0984579500,2000-11-20,Commercial,70175,2024-10-04
357,Max,Girard,max.girard@example.com,Data analyst,0943207920,1976-08-27,Comptabilité,31972,2014-10-30
358,Zoé,Durand,zoé.durand@example.com,Développeur,0881203639,1996-05-07,Direction,40905,2011-06-29
359,Julia,Vincent,julia.vincent@example.com,Administrateur réseau,0848461091,1992-05-03,Commercial,75968,2015-10-26
360,Rita,Girard,rita.girard@example.com,Designer UX/UI,0864086912,1960-01-11,Direction,37196,2014-07-10
361,Alice,Garcia,alice.garcia@example.com,Consultant sécurité,0643163213,1980-12-02,Support,71609,2023-02-09
362,Alice,Michel,alice.michel@example.com,Designer UX/UI,0695884849,1961-03-02,Comptabilité,69538,2023-10-01
363,Ugo,Robert,ugo.robert@example.com,Administrateur réseau,0670132443,1998-06-26,Informatique,37919,2010-03-03
364,Xenia,Durand,xenia.durand@example.com,Designer UX/UI,0886795247,1989-10-13,Marketing,87798,2016-07-09
365,Charlie,Bertrand,charlie.bertrand@example.com,Designer UX/UI,0880633715,1962-12-22,Direction,63824,2020-07-11
366,Max,Petit,max.petit@example.com,Designer UX/UI,0836406707,1969-12-07,Marketing,41573,2017-06-26
367,Kevin,Moreau,kevin.moreau@example.com,Data engineer,0849147583,1986-08-28,Marketing,93122,2015-01-20
368,Ugo,David,ugo.david@example.com,Consultant sécurité,0808831291,1978-10-19,Comptabilité,74104,2024-06-22
369,Rita,Laurent,rita.laurent@example.com,Data engineer,0864748824,1989-08-19,Ressources humaines,57548,2022-10-06
370,Kevin,Bernard,kevin.bernard@example.com,Administrateur réseau,0916701815,1965-04-02,Ressources humaines,55975,2010-10-24
371,George,Michel,george.michel@example.com,Analyste,0964682395,1992-07-08,Informatique,60241,2014-01-30
372,Ugo,Petit,ugo.petit@example.com,Développeur,0698519422,1982-07-17,Direction,53289,2015-09-25
373,Kevin,Thomas,kevin.thomas@example.com,Data engineer,0728674270,1968-09-30,Comptabilité,67994,2017-03-04
374,Charlie,Moreau,charlie.moreau@example.com,Administrateur réseau,0688898746,1975-03-31,Ressources humaines,98563,2022-06-26
375,Alice,Morel,alice.morel@example.com,Administrateur réseau,0998731970,1974-07-20,Commercial,74451,2013-09-10
376,Fiona,Vincent,fiona.vincent@example.com,Chef de projet,0802373191,1994-09-26,Ressources humaines,84693,2023-07-18
377,Nina,Fournier,nina.fournier@example.com,Technicien système,0896465321,1966-04-10,Direction,78499,2024-08-23
378,Ivan,Simon,ivan.simon@example.com,Designer UX/UI,0763631711,1974-09-21,Marketing,84789,2014-12-03
379,Ugo,Bernard,ugo.bernard@example.com,Consultant sécurité,0697564930,1965-08-01,Comptabilité,39070,2021-10-08
380,Julia,Thomas,julia.thomas@example.com,Administrateur réseau,0924168556,1985-01-05,Support,43626,2024-02-23
381,Alice,Bernard,alice.bernard@example.com,Data analyst,0764012747,1967-01-03,Direction,54292,2016-03-18
382,Zoé,Fournier,zoé.fournier@example.com,Chef de projet,0728201896,1961-09-07,Comptabilité,46446,2017-06-16
383,Tina,Richard,tina.richard@example.com,Chef de projet,0658675734,1980-11-03,Commercial,54331,2010-11-07
384,George,Robert,george.robert@example.com,Administrateur réseau,0862722896,1975-10-13,Informatique,30495,2013-07-05
385,Vera,Girard,vera.girard@example.com,Technicien système,0864860252,1989-05-30,Ressources humaines,94658,2017-04-19
386,Zoé,Vincent,zoé.vincent@example.com,Data engineer,0988828385,1980-10-05,Informatique,49668,2015-01-28
387,Ivan,Moreau,ivan.moreau@example.com,Chef de projet,0630684439,1995-01-20,Informatique,38310,2013-06-02
388,Bob,Robert,bob.robert@example.com,Data analyst,0823216015,1961-06-15,Informatique,28533,2011-11-03
389,Sam,Moreau,sam.moreau@example.com,Designer UX/UI,0958540255,1967-02-14,Comptabilité,67217,2019-12-30
390,Laura,Vincent,laura.vincent@example.com,Administrateur réseau,0603959338,1996-02-19,Support,75903,2016-06-03
391,Rita,Thomas,rita.thomas@example.com,Data engineer,0812751900,1976-03-08,Ressources humaines,56137,2017-10-04
392,Diana,Bernard,diana.bernard@example.com,Analyste,0740090376,1966-04-28,Comptabilité,39979,2019-03-24
393,Diana,Robert,diana.robert@example.com,Consultant sécurité,0963447289,1982-06-26,Marketing,92902,2019-11-12
394,Charlie,Simon,charlie.simon@example.com,Technicien système,0938552993,1983-02-06,Marketing,38215,2020-06-30
395,Tina,Thomas,tina.thomas@example.com,Technicien système,0870037304,1982-02-28,Direction,82342,2022-02-20
396,Nina,Martin,nina.martin@example.com,Développeur,0774025797,1982-05-03,Ressources humaines,53726,2011-04-01
397,Paula,David,paula.david@example.com,Chef de projet,0840259175,1978-06-29,Commercial,46254,2021-06-30
398,Zoé,Richard,zoé.richard@example.com,Administrateur réseau,0809678711,1972-01-17,Marketing,62657,2013-07-18
399,Ivan,Fournier,ivan.fournier@example.com,Technicien système,0860279141,1969-07-25,Support,31718,2012-07-02
400,Julia,Robert,julia.robert@example.com,Data engineer,0701910611,1962-09-09,Informatique,80644,2012-10-11
401,Xenia,Petit,xenia.petit@example.com,Analyste,0988087156,1987-01-31,Support,86599,2023-08-25
402,Zoé,Dupont,zoé.dupont@example.com,Data engineer,0903182011,1995-12-30,Marketing,85922,2017-06-19
403,Oscar,Durand,oscar.durand@example.com,DevOps,0777529906,1971-02-10,Support,32476,2012-12-22
404,Hannah,Petit,hannah.petit@example.com,Data engineer,0704081680,1988-09-05,Direction,77165,2017-09-20
405,Hannah,David,hannah.david@example.com,DevOps,0816773698,1962-05-05,Informatique,79148,2019-12-27
406,Ugo,Simon,ugo.simon@example.com,Data analyst,0768970438,1967-03-13,Informatique,70863,2018-09-21
407,Kevin,Richard,kevin.richard@example.com,Analyste,0932038391,1996-10-10,Direction,83206,2014-11-26
408,Xenia,Garcia,xenia.garcia@example.com,DevOps,0886673162,1995-12-01,Support,55882,2012-12-21
409,Will,Robert,will.robert@example.com,Data analyst,0977949202,1983-10-18,Marketing,49107,2022-02-21
410,Fiona,Fournier,fiona.fournier@example.com,Chef de projet,0926444726,1999-03-04,Comptabilité,58253,2013-12-17
411,Quentin,Richard,quentin.richard@example.com,Chef de projet,0985451578,1980-10-17,Informatique,72532,2014-04-19
412,Ivan,Thomas,ivan.thomas@example.com,Analyste,0900535854,1979-07-20,Ressources humaines,85558,2013-04-02
413,Ivan,Garcia,ivan.garcia@example.com,Consultant sécurité,0880572691,1965-05-12,Marketing,53259,2020-08-24
414,Vera,Girard,vera.girard@example.com,Consultant sécurité,0801577126,1968-11-10,Comptabilité,28808,2023-08-06
415,Zoé,Bertrand,zoé.bertrand@example.com,Administrateur réseau,0671874335,1984-03-29,Comptabilité,91752,2015-06-07
416,Xenia,Laurent,xenia.laurent@example.com,Analyste,0722140625,2000-06-21,Marketing,37043,2012-12-22
417,Zoé,Fournier,zoé.fournier@example.com,Consultant sécurité,0711768107,1979-10-10,Marketing,85449,2012-05-31
418,Tina,Robert,tina.robert@example.com,Consultant sécurité,0835121826,1969-06-30,Support,49103,2024-11-05
419,Laura,David,laura.david@example.com,Chef de projet,0866464285,1989-06-12,Ressources humaines,37650,2017-09-27
420,Xenia,Laurent,xenia.laurent@example.com,Technicien système,0676729105,1987-07-29,Informatique,88582,2019-01-19
421,Bob,Durand,bob.durand@example.com,Développeur,0849949303,1978-09-21,Marketing,93283,2017-08-28
422,Rita,Petit,rita.petit@example.com,Data engineer,0965744190,1981-07-16,Marketing,44966,2023-07-24
423,Quentin,Martin,quentin.martin@example.com,Chef de projet,0773644318,1973-06-06,Direction,96153,2024-04-15
424,Bob,Girard,bob.girard@example.com,Data engineer,0653656563,1987-01-19,Comptabilité,39770,2024-06-05
425,Tina,Michel,tina.michel@example.com,Administrateur réseau,0699585639,1982-01-19,Direction,31398,2012-06-21
426,Rita,Martin,rita.martin@example.com,Technicien système,0964359846,1973-06-24,Comptabilité,45590,2010-02-23
427,Xenia,Morel,xenia.morel@example.com,DevOps,0637622794,1976-07-17,Comptabilité,70733,2010-01-02
428,Diana,Richard,diana.richard@example.com,Analyste,0816809545,1974-01-09,Comptabilité,60644,2013-04-24
429,Ethan,Roux,ethan.roux@example.com,Consultant sécurité,0693390952,1976-03-16,Ressources humaines,81361,2016-05-16
430,Ugo,Roux,ugo.roux@example.com,Administrateur réseau,0932286572,1964-08-12,Commercial,75657,2014-11-04
431,Quentin,Martin,quentin.martin@example.com,Designer UX/UI,0947198936,1968-12-10,Direction,61030,2017-03-05
432,Oscar,Morel,oscar.morel@example.com,Analyste,0641789897,1985-10-30,Ressources humaines,45011,2013-02-13
433,Zoé,Richard,zoé.richard@example.com,Chef de projet,0854902733,1995-09-01,Comptabilité,60310,2010-09-04
434,Kevin,Petit,kevin.petit@example.com,Développeur,0784191339,1977-09-11,Commercial,29303,2013-03-25
435,Fiona,Morel,fiona.morel@example.com,Technicien système,0678873661,1967-01-11,Ressources humaines,41672,2022-01-05
436,Alice,Richard,alice.richard@example.com,Consultant sécurité,0716184693,1998-03-22,Comptabilité,81005,2019-09-14
437,Paula,Bertrand,paula.bertrand@example.com,DevOps,0741145897,1969-02-13,Comptabilité,86800,2017-07-19
438,Quentin,Richard,quentin.richard@example.com,Consultant sécurité,0719061690,1983-10-25,Commercial,60877,2020-07-24
439,Vera,Richard,vera.richard@example.com,Technicien système,0925856288,1971-04-25,Support,62867,2013-09-26
440,Xenia,Bertrand,xenia.bertrand@example.com,Administrateur réseau,0955095522,1998-06-07,Ressources humaines,38667,2012-06-13
441,Hannah,Morel,hannah.morel@example.com,Consultant sécurité,0993775970,1968-05-14,Comptabilité,80436,2021-03-09
442,Sam,David,sam.david@example.com,Chef de projet,0743071358,1997-11-28,Support,79766,2022-01-03
443,Laura,Roux,laura.roux@example.com,DevOps,0886567049,1983-11-13,Informatique,64307,2010-06-04
444,Kevin,Michel,kevin.michel@example.com,Analyste,0601329508,1979-06-24,Support,93587,2014-11-23
445,Vera,Bernard,vera.bernard@example.com,Analyste,0836655803,1986-09-26,Ressources humaines,64694,2017-04-04
446,Bob,Roux,bob.roux@example.com,Administrateur réseau,0691101141,1974-01-21,Informatique,86489,2018-02-25
447,Ethan,Simon,ethan.simon@example.com,Data engineer,0638295035,1971-09-10,Comptabilité,76721,2021-12-09
448,Ivan,Laurent,ivan.laurent@example.com,DevOps,0943797613,1963-08-23,Informatique,69876,2024-09-10
449,Oscar,Richard,oscar.richard@example.com,Consultant sécurité,0843730516,1962-01-17,Commercial,83740,2021-03-07
450,Will,Morel,will.morel@example.com,DevOps,0626872639,1988-05-29,Informatique,84533,2023-03-27
451,Vera,Roux,vera.roux@example.com,Consultant sécurité,0722291194,1980-11-25,Commercial,77503,2015-11-02
452,Rita,Vincent,rita.vincent@example.com,Analyste,0667373925,1970-04-06,Informatique,30571,2024-06-06
453,Xenia,Garcia,xenia.garcia@example.com,Consultant sécurité,0712757116,1971-05-25,Informatique,47800,2016-12-15
454,Yann,Girard,yann.girard@example.com,Consultant sécurité,0726036551,1971-01-08,Commercial,89821,2019-05-26
455,Will,Michel,will.michel@example.com,Technicien système,0765965115,1968-09-16,Commercial,56140,2020-02-26
456,Alice,Michel,alice.michel@example.com,Consultant sécurité,0745463296,1963-12-13,Direction,41221,2016-09-03
457,Kevin,Vincent,kevin.vincent@example.com,Designer UX/UI,0938599189,1987-07-10,Informatique,31695,2010-01-09
458,Xenia,Durand,xenia.durand@example.com,Chef de projet,0754912000,1967-05-19,Comptabilité,30437,2013-11-02
459,Hannah,Dupont,hannah.dupont@example.com,DevOps,0818151639,1986-03-15,Informatique,29698,2021-03-04
460,Oscar,Petit,oscar.petit@example.com,Développeur,0993275155,1975-10-02,Ressources humaines,41262,2024-05-15
461,Zoé,Durand,zoé.durand@example.com,Designer UX/UI,0782112204,1973-09-23,Informatique,83348,2014-07-08
462,Oscar,Vincent,oscar.vincent@example.com,Consultant sécurité,0673530876,1994-08-01,Informatique,47129,2023-04-11
463,Quentin,Petit,quentin.petit@example.com,Data engineer,0695900220,1989-03-01,Commercial,83494,2016-01-05
464,Zoé,Garcia,zoé.garcia@example.com,Data analyst,0894519898,1996-10-23,Informatique,90312,2018-04-30
465,Hannah,Thomas,hannah.thomas@example.com,Administrateur réseau,0847823150,1969-10-17,Direction,29515,2017-01-17
466,Oscar,Vincent,oscar.vincent@example.com,Technicien système,0750412966,1997-10-26,Informatique,57796,2011-07-13
467,Paula,Morel,paula.morel@example.com,Administrateur réseau,0737535678,1973-11-06,Support,38014,2021-04-23
468,Fiona,Laurent,fiona.laurent@example.com,Administrateur réseau,0762601351,1986-02-17,Support,51326,2013-02-04
469,George,Garcia,george.garcia@example.com,Consultant sécurité,0641412546,1990-08-19,Informatique,63478,2021-12-14
470,Yann,Bertrand,yann.bertrand@example.com,Analyste,0810615701,1991-10-22,Commercial,60818,2021-10-13
471,Diana,Laurent,diana.laurent@example.com,Technicien système,0814248620,1992-01-12,Direction,42875,2018-11-28
472,Ethan,Dupont,ethan.dupont@example.com,Designer UX/UI,0694698215,1991-07-21,Ressources humaines,60812,2014-01-29
473,Fiona,Michel,fiona.michel@example.com,Administrateur réseau,0764164562,1969-08-31,Commercial,95141,2021-07-23
474,Fiona,Michel,fiona.michel@example.com,Consultant sécurité,0946425768,2000-11-30,Informatique,85600,2012-04-22
475,Kevin,Simon,kevin.simon@example.com,Data engineer,0758748931,1992-12-24,Marketing,86596,2024-07-14
476,Nina,Robert,nina.robert@example.com,Data engineer,0874070099,1968-07-10,Ressources humaines,55604,2020-10-14
477,Julia,Laurent,julia.laurent@example.com,DevOps,0759698447,1991-02-13,Comptabilité,90395,2015-01-09
478,Fiona,Simon,fiona.simon@example.com,Développeur,0922856316,1998-05-25,Marketing,73870,2010-07-24
479,Oscar,Garcia,oscar.garcia@example.com,Analyste,0991422567,1970-12-16,Ressources humaines,76964,2010-12-11
480,Nina,Girard,nina.girard@example.com,Développeur,0971742013,1995-02-15,Ressources humaines,73113,2021-03-20
481,Julia,Moreau,julia.moreau@example.com,Consultant sécurité,0735670754,1993-05-10,Direction,86118,2023-12-28
482,Xenia,Moreau,xenia.moreau@example.com,Chef de projet,0620831560,1983-12-08,Direction,65689,2018-05-03
483,Ugo,Simon,ugo.simon@example.com,Chef de projet,0961123977,1965-06-28,Comptabilité,49543,2024-03-09
484,Nina,Fournier,nina.fournier@example.com,Technicien système,0724852982,2000-07-02,Informatique,82901,2021-12-01
485,Alice,Petit,alice.petit@example.com,Data analyst,0903625345,1963-10-26,Comptabilité,81246,2020-05-21
486,Kevin,Girard,kevin.girard@example.com,DevOps,0856970573,1994-12-31,Direction,60955,2023-08-13
487,Alice,Vincent,alice.vincent@example.com,Data engineer,0915649813,1970-06-01,Support,65211,2011-06-20
488,Nina,Laurent,nina.laurent@example.com,Consultant sécurité,0702503609,1989-01-19,Ressources humaines,55041,2010-10-22
489,Sam,Richard,sam.richard@example.com,Chef de projet,0914256549,1999-11-27,Direction,36630,2019-10-27
490,Alice,Bertrand,alice.bertrand@example.com,Designer UX/UI,0851985727,1972-10-29,Direction,52399,2016-01-31
491,George,David,george.david@example.com,Analyste,0863717853,1981-06-25,Direction,86431,2010-01-28
492,Ethan,Martin,ethan.martin@example.com,DevOps,0613361015,1979-05-06,Support,91273,2020-02-20
493,Laura,Bernard,laura.bernard@example.com,Chef de projet,0674848133,1989-12-17,Direction,40040,2017-03-24
494,Ivan,Morel,ivan.morel@example.com,Designer UX/UI,0784014326,1981-02-16,Commercial,65727,2020-06-04
495,Oscar,Simon,oscar.simon@example.com,Développeur,0655322234,1969-11-25,Direction,30104,2014-06-11
496,Julia,Vincent,julia.vincent@example.com,DevOps,0999912783,1993-01-06,Ressources humaines,87543,2017-12-10
497,Rita,Durand,rita.durand@example.com,Technicien système,0912474723,1992-10-24,Support,70915,2021-11-10
498,Kevin,Roux,kevin.roux@example.com,Designer UX/UI,0897483721,1994-03-19,Informatique,36691,2016-01-11
499,Laura,Vincent,laura.vincent@example.com,Analyste,0608203628,1972-09-02,Ressources humaines,94091,2021-06-03
500,Ugo,Fournier,ugo.fournier@example.com,Designer UX/UI,0617079422,1993-08-15,Comptabilité,51588,2023-06-07
