id,prenom,nom,email,poste,telephone,date_naissance,departement,salaire,date_embauche
1,Max,Bernard,max.bernard@example.com,Chef de projet,0672177317,1977-07-30,Marketing,67725,2013-02-21
2,Paula,Bernard,paula.bernard@example.com,Data analyst,0753529295,1994-12-27,Ressources humaines,33278,2015-05-07
3,Vera,Fournier,vera.fournier@example.com,Développeur,0946598111,1992-09-13,Direction,59103,2015-07-10
4,Nina,Girard,nina.girard@example.com,Data analyst,0737755024,1963-10-11,Direction,71731,2023-02-13
5,Ivan,Robert,ivan.robert@example.com,Chef de projet,0788465935,1999-11-14,Commercial,85682,2017-09-21
6,Quentin,Vincent,quentin.vincent@example.com,Designer UX/UI,0815353483,1982-10-21,Ressources humaines,36058,2015-12-20
7,Ugo,Roux,ugo.roux@example.com,Data engineer,0787824096,1961-02-11,Ressources humaines,80709,2015-07-13
8,Will,Petit,will.petit@example.com,Data engineer,0751913028,1975-10-12,Ressources humaines,75685,2010-01-06
9,Ethan,Robert,ethan.robert@example.com,DevOps,0817596533,1973-06-09,Support,40605,2024-12-02
10,Julia,Laurent,julia.laurent@example.com,Technicien système,0835630566,1962-04-10,Commercial,77812,2017-08-23
11,Charlie,Simon,charlie.simon@example.com,Administrateur réseau,0775226383,1986-10-03,Commercial,85512,2022-08-26
12,Will,Fournier,will.fournier@example.com,Analyste,0848515469,1966-01-12,Comptabilité,44942,2021-04-10
13,Bob,Morel,bob.morel@example.com,Designer UX/UI,0925039839,1961-08-17,Support,73616,2015-02-11
14,Fiona,Morel,fiona.morel@example.com,Technicien système,0614220985,1974-09-19,Commercial,99974,2019-06-15
15,Quentin,Girard,quentin.girard@example.com,Consultant sécurité,0695893740,1988-08-22,Commercial,51482,2017-11-21
16,Paula,Fournier,paula.fournier@example.com,Technicien système,0680553561,1988-02-19,Marketing,79104,2010-09-09
17,Ethan,Robert,ethan.robert@example.com,Technicien système,0798121902,1974-05-31,Direction,87504,2012-01-05
18,Ugo,Bertrand,ugo.bertrand@example.com,Chef de projet,0833859682,1965-09-10,Marketing,93130,2021-09-11
19,Ugo,Bernard,ugo.bernard@example.com,Administrateur réseau,0867598394,1996-06-27,Ressources humaines,74250,2017-07-04
20,Xenia,David,xenia.david@example.com,Consultant sécurité,0956847521,1975-05-24,Commercial,60250,2020-02-25
21,Ethan,Morel,ethan.morel@example.com,Chef de projet,0916985322,1987-06-24,Support,72675,2015-06-01
22,Paula,Petit,paula.petit@example.com,Chef de projet,0820084933,1993-12-15,Informatique,58765,2014-05-16
23,Nina,Thomas,nina.thomas@example.com,Administrateur réseau,0809661682,1970-11-28,Direction,98160,2017-06-23
24,Zoé,Petit,zoé.petit@example.com,Data analyst,0894866197,1978-07-21,Support,35521,2018-10-09
25,Will,Robert,will.robert@example.com,Administrateur réseau,0603960984,1975-01-23,Commercial,60190,2014-04-19
26,George,Bernard,george.bernard@example.com,Data engineer,0830423772,1996-12-13,Commercial,97394,2010-12-14
27,Nina,Garcia,nina.garcia@example.com,Technicien système,0977572361,1988-07-14,Commercial,54926,2016-06-01
28,Nina,Robert,nina.robert@example.com,Consultant sécurité,0958414939,1971-01-25,Informatique,91886,2016-02-06
29,Bob,Bertrand,bob.bertrand@example.com,Administrateur réseau,0845371324,1980-11-17,Ressources humaines,49737,2019-08-21
30,George,Laurent,george.laurent@example.com,Chef de projet,0923712893,1999-10-04,Direction,77637,2023-10-18
31,Paula,Laurent,paula.laurent@example.com,Chef de projet,0841071900,1961-02-21,Marketing,50372,2013-07-08
32,Hannah,Garcia,hannah.garcia@example.com,Administrateur réseau,0746523348,1989-02-01,Commercial,35022,2014-06-30
33,Oscar,Laurent,oscar.laurent@example.com,Consultant sécurité,0985629019,1993-12-24,Informatique,91239,2015-04-06
34,Max,Bertrand,max.bertrand@example.com,Administrateur réseau,0708929846,1998-06-05,Ressources humaines,72466,2013-01-26
35,Oscar,Garcia,oscar.garcia@example.com,Administrateur réseau,0892010293,1973-11-12,Informatique,42355,2012-07-08
36,Bob,Bernard,bob.bernard@example.com,DevOps,0746116860,1986-07-17,Ressources humaines,71252,2012-03-09
37,Will,Bernard,will.bernard@example.com,Data engineer,0748044872,2000-03-17,Ressources humaines,76524,2015-03-26
38,Sam,Simon,sam.simon@example.com,Consultant sécurité,0615746725,1964-10-23,Marketing,61923,2022-07-06
39,Nina,Bertrand,nina.bertrand@example.com,Technicien système,0665905230,1987-02-16,Comptabilité,97238,2018-04-05
40,George,Vincent,george.vincent@example.com,DevOps,0923325431,1970-04-11,Support,29466,2022-09-15
41,Ugo,Vincent,ugo.vincent@example.com,Administrateur réseau,0829553070,1965-11-03,Informatique,73269,2010-03-28
42,Sam,Bertrand,sam.bertrand@example.com,DevOps,0623131867,1972-07-16,Informatique,46151,2012-06-04
43,Zoé,Roux,zoé.roux@example.com,Chef de projet,0616777221,1963-11-22,Ressources humaines,58263,2017-03-29
44,Nina,Petit,nina.petit@example.com,Data analyst,0601287883,1975-05-08,Direction,44586,2016-04-26
45,Zoé,Martin,zoé.martin@example.com,Technicien système,0871891587,1981-06-24,Ressources humaines,35025,2018-01-16
46,Rita,David,rita.david@example.com,Administrateur réseau,0868022084,1981-05-24,Commercial,99185,2010-05-19
47,Xenia,Simon,xenia.simon@example.com,Administrateur réseau,0895573533,1982-01-18,Direction,72811,2010-07-01
48,Rita,Simon,rita.simon@example.com,Data engineer,0726250089,1983-03-08,Support,84411,2016-08-17
49,Oscar,Michel,oscar.michel@example.com,DevOps,0643159401,1964-05-17,Support,48084,2023-01-25
50,George,Moreau,george.moreau@example.com,Développeur,0715856897,1969-08-05,Direction,70085,2012-02-18
51,Charlie,David,charlie.david@example.com,Designer UX/UI,0687886725,1971-02-02,Support,84417,2013-08-27
52,Hannah,Garcia,hannah.garcia@example.com,Data engineer,0981945180,1974-10-01,Support,98120,2015-07-02
53,Bob,Bertrand,bob.bertrand@example.com,Consultant sécurité,0983800074,1980-01-03,Support,42702,2014-03-16
54,Zoé,Michel,zoé.michel@example.com,Data analyst,0657461798,1983-04-21,Comptabilité,53635,2015-10-29
55,Alice,Vincent,alice.vincent@example.com,Consultant sécurité,0989492363,1963-09-04,Support,88156,2013-04-26
56,Oscar,Martin,oscar.martin@example.com,Data engineer,0829835313,2000-05-30,Marketing,48282,2015-03-21
57,Vera,Morel,vera.morel@example.com,Data analyst,0918587628,1980-09-12,Marketing,39146,2024-03-19
58,Ugo,Moreau,ugo.moreau@example.com,Data analyst,0915916412,1986-04-25,Comptabilité,92677,2016-06-30
59,Diana,Vincent,diana.vincent@example.com,Technicien système,0870643340,1969-03-16,Comptabilité,52756,2016-12-12
60,Ethan,Durand,ethan.durand@example.com,Consultant sécurité,0625271213,1963-09-06,Commercial,28801,2018-01-23
61,Ugo,Dupont,ugo.dupont@example.com,Technicien système,0989706167,1996-06-18,Direction,69778,2023-09-22
62,Rita,Fournier,rita.fournier@example.com,Consultant sécurité,0818449251,1978-04-30,Commercial,37307,2019-05-13
63,Kevin,Thomas,kevin.thomas@example.com,Développeur,0841454442,1995-11-25,Comptabilité,99137,2017-02-06
64,Bob,Fournier,bob.fournier@example.com,DevOps,0628651480,1962-08-18,Ressources humaines,29796,2021-05-11
65,Kevin,Garcia,kevin.garcia@example.com,Analyste,0969029765,1990-01-09,Informatique,87861,2015-11-20
66,Kevin,Bertrand,kevin.bertrand@example.com,Data analyst,0605812895,1969-07-21,Comptabilité,94907,2021-02-12
67,Vera,Bernard,vera.bernard@example.com,Data analyst,0660660878,1962-03-10,Commercial,83902,2011-06-18
68,Will,Petit,will.petit@example.com,Consultant sécurité,0882161392,1993-05-21,Support,63723,2024-07-25
69,George,Durand,george.durand@example.com,Analyste,0820539593,1995-01-14,Direction,36172,2021-02-11
70,Nina,Moreau,nina.moreau@example.com,Data analyst,0929301369,1990-05-06,Commercial,32637,2018-06-19
71,Bob,Girard,bob.girard@example.com,Développeur,0907739453,1992-07-19,Ressources humaines,59809,2017-12-27
72,Laura,Robert,laura.robert@example.com,Designer UX/UI,0642133615,1982-12-15,Informatique,84014,2020-03-02
73,Yann,Bernard,yann.bernard@example.com,Chef de projet,0984156168,1966-04-14,Comptabilité,60973,2017-07-12
74,Paula,David,paula.david@example.com,Analyste,0905604846,1982-03-16,Support,44939,2013-10-24
75,Will,Michel,will.michel@example.com,Technicien système,0678292699,1995-11-12,Support,30592,2022-09-17
76,Sam,Robert,sam.robert@example.com,Data engineer,0728966779,1960-06-21,Ressources humaines,54518,2010-10-28
77,Yann,Morel,yann.morel@example.com,Développeur,0987715387,1964-10-24,Comptabilité,57472,2013-02-25
78,Fiona,Roux,fiona.roux@example.com,Chef de projet,0717767937,1994-10-14,Direction,91605,2024-05-11
79,Tina,Dupont,tina.dupont@example.com,Chef de projet,0902595755,1998-03-06,Commercial,88789,2019-07-26
80,Sam,Girard,sam.girard@example.com,Technicien système,0986215937,1964-06-10,Direction,54847,2013-07-19
81,Kevin,Michel,kevin.michel@example.com,Chef de projet,0728924266,1961-10-05,Ressources humaines,58122,2011-04-04
82,Paula,Martin,paula.martin@example.com,Data engineer,0787284183,1965-11-20,Comptabilité,94568,2010-02-02
83,Ethan,Durand,ethan.durand@example.com,Développeur,0838574065,1976-01-06,Direction,46722,2023-12-25
84,Ivan,Moreau,ivan.moreau@example.com,Designer UX/UI,0743743880,1983-02-19,Marketing,78932,2011-09-11
85,Tina,Simon,tina.simon@example.com,Technicien système,0863832993,1995-10-31,Direction,58227,2022-09-02
86,Ethan,Dupont,ethan.dupont@example.com,Administrateur réseau,0792669816,1972-04-03,Informatique,37322,2024-05-23
87,Kevin,Fournier,kevin.fournier@example.com,Technicien système,0990404955,1990-08-24,Commercial,59743,2024-01-10
88,Max,Robert,max.robert@example.com,Administrateur réseau,0848807826,1986-03-23,Comptabilité,64519,2018-08-11
89,Paula,Girard,paula.girard@example.com,Analyste,0620864467,1975-04-16,Comptabilité,28467,2022-06-13
90,Laura,Laurent,laura.laurent@example.com,Data engineer,0865299810,1975-02-23,Marketing,44595,2024-07-04
91,Fiona,Michel,fiona.michel@example.com,Administrateur réseau,0600761561,1964-05-02,Commercial,51404,2010-07-22
92,Ugo,Morel,ugo.morel@example.com,Technicien système,0697834152,1966-09-20,Marketing,79282,2012-05-12
93,Ugo,Durand,ugo.durand@example.com,Chef de projet,0720023920,1972-10-10,Direction,98795,2019-06-12
94,Quentin,Bernard,quentin.bernard@example.com,Designer UX/UI,0904348671,1990-05-10,Comptabilité,33758,2023-11-29
95,Julia,Laurent,julia.laurent@example.com,DevOps,0673363603,1965-03-30,Informatique,70212,2020-09-04
96,Tina,Robert,tina.robert@example.com,Chef de projet,0836102818,1997-12-05,Commercial,69789,2017-03-15
97,Will,Roux,will.roux@example.com,Technicien système,0626714558,1972-01-09,Support,69366,2023-11-14
98,Quentin,Durand,quentin.durand@example.com,Chef de projet,0808147998,1990-12-25,Support,40782,2011-11-23
99,Charlie,Roux,charlie.roux@example.com,Data analyst,0633466302,1963-07-09,Support,35552,2014-01-20
100,Tina,Petit,tina.petit@example.com,Administrateur réseau,0815725287,1986-02-09,Informatique,41083,2012-04-10
101,Vera,David,vera.david@example.com,DevOps,0705705176,1997-11-29,Direction,56720,2016-09-27
102,George,Richard,george.richard@example.com,Chef de projet,0661361184,1985-09-21,Commercial,90255,2024-04-21
103,George,David,george.david@example.com,Chef de projet,0860820537,1994-01-19,Commercial,49500,2019-09-24
104,Julia,Petit,julia.petit@example.com,Data engineer,0902746558,1968-10-28,Marketing,86984,2019-10-08
105,Julia,David,julia.david@example.com,Technicien système,0668264712,1989-06-08,Comptabilité,92999,2011-02-02
106,Zoé,Richard,zoé.richard@example.com,Analyste,0837782890,1974-11-28,Support,63459,2014-10-15
107,Ugo,Garcia,ugo.garcia@example.com,Chef de projet,0799459874,1981-04-04,Direction,81521,2018-08-09
108,Nina,Laurent,nina.laurent@example.com,Consultant sécurité,0934160609,1983-06-13,Support,39262,2024-10-21
109,Quentin,Petit,quentin.petit@example.com,Chef de projet,0809873223,1998-09-10,Commercial,49429,2011-03-13
110,Charlie,Roux,charlie.roux@example.com,Analyste,0644977650,1968-10-06,Ressources humaines,82399,2017-05-29
111,Yann,Robert,yann.robert@example.com,Technicien système,0692920886,1999-09-16,Comptabilité,88600,2011-10-01
112,Diana,Robert,diana.robert@example.com,Analyste,0813453369,1963-08-27,Ressources humaines,74249,2020-04-01
113,George,Richard,george.richard@example.com,Administrateur réseau,0846598306,1967-05-04,Informatique,76324,2015-04-16
114,Alice,Roux,alice.roux@example.com,Chef de projet,0761573204,1968-12-19,Support,30108,2010-06-21
115,Julia,Simon,julia.simon@example.com,Technicien système,0685259267,1999-08-16,Support,76545,2015-01-12
116,Tina,David,tina.david@example.com,Data engineer,0924309781,1980-04-25,Marketing,33483,2013-11-06
117,Kevin,Morel,kevin.morel@example.com,Analyste,0627120816,1990-10-11,Marketing,84585,2021-09-28
118,Ethan,Moreau,ethan.moreau@example.com,DevOps,0836339288,1989-05-18,Commercial,77761,2014-04-24
119,Yann,Dupont,yann.dupont@example.com,DevOps,0840328084,1995-07-23,Comptabilité,98040,2014-08-06
120,Ivan,Girard,ivan.girard@example.com,Chef de projet,0825408997,1999-04-17,Comptabilité,97271,2024-01-19
121,Laura,Durand,laura.durand@example.com,Technicien système,0662324012,1994-01-10,Direction,79225,2022-05-15
122,Nina,Fournier,nina.fournier@example.com,Technicien système,0657654949,1985-12-22,Ressources humaines,45911,2021-02-14
123,Will,David,will.david@example.com,Chef de projet,0787488114,1997-10-18,Informatique,45325,2024-12-02
124,Ivan,Morel,ivan.morel@example.com,Data engineer,0671435579,1980-07-02,Direction,98150,2016-09-15
125,Fiona,Garcia,fiona.garcia@example.com,Développeur,0789502664,1965-07-24,Ressources humaines,60393,2023-08-28
126,Zoé,Richard,zoé.richard@example.com,Data analyst,0930305167,1981-09-10,Ressources humaines,81523,2019-04-23
127,Yann,Fournier,yann.fournier@example.com,Analyste,0949256390,1965-11-24,Marketing,67445,2014-06-29
128,Fiona,Robert,fiona.robert@example.com,Designer UX/UI,0614786099,1999-06-01,Direction,85934,2012-02-21
129,Julia,Dupont,julia.dupont@example.com,Designer UX/UI,0915634319,1968-10-29,Marketing,54411,2012-08-30
130,Ugo,Moreau,ugo.moreau@example.com,Chef de projet,0885765306,1984-01-11,Commercial,71054,2017-12-07
131,Yann,Moreau,yann.moreau@example.com,Analyste,0613824855,1993-03-25,Support,98643,2021-04-18
132,Tina,Fournier,tina.fournier@example.com,Designer UX/UI,0900026927,1968-01-26,Marketing,67271,2013-09-04
133,Alice,Girard,alice.girard@example.com,DevOps,0935367907,1993-03-12,Ressources humaines,31701,2014-07-03
134,Xenia,Thomas,xenia.thomas@example.com,Designer UX/UI,0680521608,1988-06-27,Support,91352,2011-09-11
135,Nina,Bernard,nina.bernard@example.com,Designer UX/UI,0801440440,1976-02-16,Comptabilité,54952,2024-07-04
136,George,Garcia,george.garcia@example.com,Data engineer,0806072966,1989-10-20,Marketing,68250,2014-08-29
137,George,Durand,george.durand@example.com,Développeur,0803587478,1963-06-03,Commercial,80832,2015-05-14
138,Fiona,Girard,fiona.girard@example.com,Analyste,0992281404,1979-08-09,Marketing,41086,2021-08-24
139,Nina,Richard,nina.richard@example.com,Technicien système,0801888602,1986-06-08,Ressources humaines,28923,2022-02-26
140,Ugo,Girard,ugo.girard@example.com,Designer UX/UI,0991045216,1981-03-16,Ressources humaines,99897,2022-04-03
141,Tina,Richard,tina.richard@example.com,Technicien système,0638669540,1978-03-12,Marketing,38301,2024-07-31
142,Laura,Dupont,laura.dupont@example.com,DevOps,0719142518,1992-09-26,Comptabilité,66462,2019-08-09
143,Bob,Morel,bob.morel@example.com,DevOps,0763878980,1961-04-17,Commercial,82615,2016-11-26
144,Ethan,Morel,ethan.morel@example.com,Data analyst,0692477854,1984-03-29,Ressources humaines,61707,2017-03-22
145,Xenia,David,xenia.david@example.com,Data analyst,0983113032,1991-09-22,Support,51863,2010-04-20
146,Julia,Petit,julia.petit@example.com,Analyste,0776862431,1988-07-13,Support,75620,2023-06-26
147,Charlie,Morel,charlie.morel@example.com,Consultant sécurité,0800857431,1992-05-15,Support,76127,2013-02-16
148,Charlie,Morel,charlie.morel@example.com,Chef de projet,0756265051,1986-10-11,Direction,57228,2021-09-11
149,Rita,Roux,rita.roux@example.com,DevOps,0877641942,1982-03-16,Direction,95861,2011-08-18
150,Kevin,Petit,kevin.petit@example.com,Consultant sécurité,0670212164,1971-11-08,Marketing,82509,2023-05-03
151,Ugo,Durand,ugo.durand@example.com,Analyste,0693678333,1996-12-22,Ressources humaines,67864,2018-06-12
152,Ethan,David,ethan.david@example.com,Data engineer,0706580091,1969-09-22,Comptabilité,54650,2011-11-09
153,Vera,Richard,vera.richard@example.com,Data analyst,0649926597,1979-02-10,Comptabilité,93771,2010-03-26
154,Oscar,Richard,oscar.richard@example.com,Data engineer,0648317490,1975-06-15,Ressources humaines,94330,2016-03-31
155,Fiona,David,fiona.david@example.com,Data analyst,0941930178,1968-10-08,Comptabilité,97397,2010-09-30
156,Ugo,Dupont,ugo.dupont@example.com,Chef de projet,0953747885,1984-02-13,Ressources humaines,45278,2014-01-07
157,Oscar,Michel,oscar.michel@example.com,Chef de projet,0664282299,1976-05-13,Comptabilité,74355,2010-04-06
158,Oscar,Roux,oscar.roux@example.com,Analyste,0660507568,1960-12-13,Direction,84433,2014-12-21
159,Nina,Moreau,nina.moreau@example.com,Designer UX/UI,0881004257,1987-01-27,Support,65951,2022-04-29
160,Alice,Morel,alice.morel@example.com,Développeur,0914697081,1964-01-03,Ressources humaines,39570,2011-11-16
161,Rita,Robert,rita.robert@example.com,Data analyst,0720633217,1963-04-26,Commercial,33511,2018-03-02
162,Xenia,Girard,xenia.girard@example.com,DevOps,0882752731,1991-11-14,Commercial,29856,2014-12-24
163,Xenia,Moreau,xenia.moreau@example.com,Analyste,0854735212,2000-01-15,Ressources humaines,89122,2010-05-24
164,Sam,David,sam.david@example.com,Data engineer,0857706183,1985-01-28,Marketing,70160,2022-03-23
165,Vera,Dupont,vera.dupont@example.com,Data engineer,0921975359,1981-05-04,Marketing,68385,2014-12-07
166,Will,Girard,will.girard@example.com,Designer UX/UI,0854351612,1965-02-15,Marketing,76561,2024-03-06
167,Max,Garcia,max.garcia@example.com,Développeur,0759551759,1975-10-21,Informatique,82950,2021-01-11
168,Zoé,Moreau,zoé.moreau@example.com,Développeur,0716252048,1964-12-13,Marketing,92444,2013-01-25
169,Nina,Roux,nina.roux@example.com,Consultant sécurité,0660836520,1980-07-22,Commercial,77034,2019-11-07
170,Nina,Thomas,nina.thomas@example.com,Designer UX/UI,0959825108,1986-08-10,Support,46621,2020-12-25
171,Nina,Richard,nina.richard@example.com,DevOps,0711411704,1961-01-17,Informatique,73607,2018-04-04
172,Zoé,Vincent,zoé.vincent@example.com,Technicien système,0925370749,1994-08-27,Marketing,64578,2015-04-02
173,Alice,Bernard,alice.bernard@example.com,DevOps,0780358626,1997-09-20,Support,32836,2020-06-15
174,Quentin,Martin,quentin.martin@example.com,Chef de projet,0838039241,1980-02-01,Marketing,48017,2017-07-06
175,Xenia,Simon,xenia.simon@example.com,Chef de projet,0673820033,1983-05-22,Comptabilité,42495,2017-02-16
176,Quentin,Morel,quentin.morel@example.com,Technicien système,0752233869,1973-06-29,Commercial,53488,2019-02-19
177,Max,Fournier,max.fournier@example.com,DevOps,0796801444,1996-02-20,Marketing,41868,2012-08-21
178,Rita,Laurent,rita.laurent@example.com,Analyste,0826432393,1997-12-24,Comptabilité,96980,2023-11-16
179,Ugo,Moreau,ugo.moreau@example.com,DevOps,0672470025,1980-01-04,Marketing,33789,2012-04-22
180,Will,Fournier,will.fournier@example.com,Designer UX/UI,0626045862,1986-08-11,Marketing,98473,2010-09-23
181,Paula,Durand,paula.durand@example.com,Administrateur réseau,0725408775,1997-08-23,Comptabilité,71978,2017-03-06
182,Sam,Fournier,sam.fournier@example.com,Chef de projet,0627083438,1997-10-11,Marketing,90372,2018-09-15
183,Nina,Girard,nina.girard@example.com,Designer UX/UI,0929388978,2000-06-19,Commercial,75080,2019-07-07
184,Ugo,Moreau,ugo.moreau@example.com,Consultant sécurité,0733592681,1962-08-23,Informatique,88244,2021-04-04
185,Paula,Petit,paula.petit@example.com,Consultant sécurité,0904808054,1991-10-30,Commercial,51449,2015-10-14
186,Diana,Robert,diana.robert@example.com,Data engineer,0860819604,1966-06-14,Direction,30221,2019-07-16
187,Fiona,Michel,fiona.michel@example.com,Développeur,0840894846,1976-12-09,Commercial,42885,2011-04-08
188,Max,Martin,max.martin@example.com,Développeur,0607719613,1972-11-14,Support,40886,2013-11-25
189,Vera,Michel,vera.michel@example.com,Designer UX/UI,0742891142,1988-01-28,Support,42889,2017-12-07
190,Charlie,Garcia,charlie.garcia@example.com,Administrateur réseau,0777462931,1979-07-02,Marketing,51356,2024-11-08
191,Sam,Roux,sam.roux@example.com,Analyste,0937093985,1974-06-04,Direction,88485,2016-01-02
192,Ugo,Simon,ugo.simon@example.com,Développeur,0745216333,1968-10-21,Comptabilité,74368,2017-12-13
193,Yann,Girard,yann.girard@example.com,Analyste,0860828447,1975-10-27,Marketing,29872,2011-09-07
194,George,Bernard,george.bernard@example.com,Data analyst,0767155820,1983-11-29,Direction,61702,2010-06-26
195,Will,Morel,will.morel@example.com,Technicien système,0782167275,1993-11-17,Informatique,46662,2013-06-14
196,Zoé,Laurent,zoé.laurent@example.com,Développeur,0701621091,1960-10-17,Marketing,64088,2024-10-30
197,Julia,Vincent,julia.vincent@example.com,Data engineer,0632592568,1978-10-18,Direction,61846,2018-09-23
198,Ugo,Thomas,ugo.thomas@example.com,Designer UX/UI,0843349600,1988-12-22,Ressources humaines,89078,2020-09-02
199,Oscar,Petit,oscar.petit@example.com,Analyste,0667896044,1990-01-16,Informatique,47494,2015-05-03
200,Ivan,Morel,ivan.morel@example.com,Technicien système,0976916270,1967-06-10,Informatique,62141,2012-08-16
201,George,Durand,george.durand@example.com,Data engineer,0987393943,1961-12-24,Informatique,81728,2023-06-20
202,Diana,Dupont,diana.dupont@example.com,DevOps,0679780480,1970-05-08,Support,96088,2017-12-18
203,Rita,Fournier,rita.fournier@example.com,Data engineer,0874898966,1985-01-05,Support,46598,2023-04-15
204,Paula,Moreau,paula.moreau@example.com,Chef de projet,0617054858,1970-06-10,Comptabilité,72983,2017-08-21
205,Rita,Morel,rita.morel@example.com,Designer UX/UI,0661300203,1983-06-26,Commercial,28512,2018-01-06
206,Ethan,Moreau,ethan.moreau@example.com,Développeur,0789021111,1997-09-12,Direction,99126,2024-12-02
207,Nina,Dupont,nina.dupont@example.com,Designer UX/UI,0826463134,1985-10-06,Comptabilité,70773,2016-10-23
208,Ugo,Girard,ugo.girard@example.com,Technicien système,0987614215,1983-09-10,Ressources humaines,35490,2014-01-06
209,Vera,Petit,vera.petit@example.com,Data analyst,0636013405,1999-02-04,Marketing,42963,2023-03-10
210,Alice,Michel,alice.michel@example.com,Technicien système,0867157100,1981-11-29,Marketing,43517,2024-08-06
211,Oscar,Fournier,oscar.fournier@example.com,Technicien système,0947975123,1971-06-18,Commercial,53313,2016-06-08
212,Paula,Roux,paula.roux@example.com,Data analyst,0789625133,1997-03-10,Support,70092,2024-07-12
213,Tina,Robert,tina.robert@example.com,Consultant sécurité,0796318795,1969-06-30,Marketing,80861,2018-01-29
214,Rita,Vincent,rita.vincent@example.com,Data engineer,0798771184,1972-11-20,Support,63840,2019-08-09
215,Max,Martin,max.martin@example.com,Analyste,0844413470,1970-03-25,Support,45365,2018-04-17
216,Bob,Garcia,bob.garcia@example.com,Consultant sécurité,0922365409,1971-07-11,Comptabilité,34101,2010-10-19
217,Ethan,Moreau,ethan.moreau@example.com,Chef de projet,0774508959,1976-08-13,Commercial,51627,2022-05-28
218,Laura,Martin,laura.martin@example.com,Designer UX/UI,0958205760,1993-05-07,Marketing,59435,2019-06-13
219,Bob,Fournier,bob.fournier@example.com,Designer UX/UI,0962034637,1984-10-14,Ressources humaines,57066,2021-10-04
220,Paula,Bernard,paula.bernard@example.com,Technicien système,0884110395,1965-08-23,Ressources humaines,99759,2015-12-03
221,Zoé,Petit,zoé.petit@example.com,DevOps,0914110191,1963-05-06,Direction,33252,2010-06-15
222,Xenia,Garcia,xenia.garcia@example.com,Technicien système,0966213286,1961-07-06,Support,41620,2021-05-05
223,Fiona,Michel,fiona.michel@example.com,Analyste,0935727460,1963-03-20,Commercial,51098,2024-06-01
224,Ethan,Moreau,ethan.moreau@example.com,Data engineer,0942440068,1980-02-29,Marketing,59867,2018-08-12
225,Quentin,Garcia,quentin.garcia@example.com,Data analyst,0945248302,1992-11-11,Support,73556,2014-05-13
226,George,Garcia,george.garcia@example.com,Développeur,0623792011,1974-07-12,Support,71823,2016-06-16
227,Paula,Roux,paula.roux@example.com,Consultant sécurité,0829154567,1973-12-03,Commercial,39522,2023-12-20
228,Yann,Robert,yann.robert@example.com,Designer UX/UI,0901780374,1981-09-27,Informatique,43175,2020-09-24
229,Max,Richard,max.richard@example.com,Chef de projet,0990027555,1965-12-18,Direction,31490,2020-08-11
230,Quentin,Michel,quentin.michel@example.com,Administrateur réseau,0922133246,1992-08-30,Informatique,78642,2011-11-25
231,George,Morel,george.morel@example.com,Consultant sécurité,0917579359,1966-05-21,Marketing,78446,2023-03-11
232,Kevin,Laurent,kevin.laurent@example.com,Consultant sécurité,0682264779,1961-12-18,Comptabilité,62668,2014-12-23
233,Julia,Girard,julia.girard@example.com,Développeur,0941281852,1971-12-01,Commercial,72905,2011-12-03
234,Hannah,Bertrand,hannah.bertrand@example.com,Technicien système,0769692831,1997-04-26,Ressources humaines,44119,2014-12-29
235,Kevin,Roux,kevin.roux@example.com,Designer UX/UI,0861269186,1998-12-28,Comptabilité,56131,2012-04-18
236,Sam,Girard,sam.girard@example.com,Administrateur réseau,0899557010,1967-07-05,Support,42563,2015-10-15
237,Oscar,Durand,oscar.durand@example.com,Chef de projet,0719061900,1981-03-05,Direction,57042,2012-10-07
238,Charlie,Durand,charlie.durand@example.com,Data analyst,0823652608,1995-11-12,Commercial,81250,2024-01-15
239,Quentin,Robert,quentin.robert@example.com,Technicien système,0652900036,1980-05-03,Comptabilité,64153,2022-05-02
240,Vera,Girard,vera.girard@example.com,Chef de projet,0665201605,1992-07-02,Support,58632,2017-06-03
241,Yann,Girard,yann.girard@example.com,DevOps,0725472472,1961-10-08,Informatique,38927,2023-10-10
242,Zoé,Fournier,zoé.fournier@example.com,Data engineer,0827073001,1986-11-01,Direction,31669,2021-05-09
243,Fiona,Bertrand,fiona.bertrand@example.com,Développeur,0936569472,1972-11-14,Commercial,38597,2014-07-27
244,Hannah,Simon,hannah.simon@example.com,Data analyst,0633503273,1961-02-02,Marketing,30795,2010-02-04
245,Oscar,Richard,oscar.richard@example.com,Développeur,0971543198,1975-06-27,Informatique,97601,2022-10-27
246,Ugo,David,ugo.david@example.com,Designer UX/UI,0894876037,1969-05-19,Direction,54609,2020-11-04
247,Sam,Michel,sam.michel@example.com,Administrateur réseau,0713285412,1969-02-20,Support,44317,2019-06-25
248,Will,Roux,will.roux@example.com,Technicien système,0808488867,1984-10-24,Direction,85468,2013-06-07
249,Ugo,Roux,ugo.roux@example.com,Analyste,0832412006,1981-03-05,Informatique,35067,2022-10-27
250,Xenia,Bernard,xenia.bernard@example.com,Chef de projet,0891625485,1983-12-24,Direction,76170,2020-02-28
251,Quentin,Garcia,quentin.garcia@example.com,Développeur,0940168394,1975-04-08,Marketing,81761,2013-11-08
252,Ugo,Bertrand,ugo.bertrand@example.com,Développeur,0901074808,1980-07-25,Direction,58480,2013-02-27
253,Fiona,Laurent,fiona.laurent@example.com,Analyste,0926814366,1995-01-30,Ressources humaines,54093,2020-02-28
254,Paula,Roux,paula.roux@example.com,Technicien système,0604322051,1973-01-10,Informatique,35057,2014-06-03
255,Kevin,Garcia,kevin.garcia@example.com,Technicien système,0705168134,1975-09-14,Commercial,93123,2023-05-12
256,Vera,Martin,vera.martin@example.com,Designer UX/UI,0609042679,1989-03-16,Support,74090,2022-07-16
257,Alice,Thomas,alice.thomas@example.com,Analyste,0699729981,1995-10-19,Commercial,85911,2013-02-13
258,Rita,Simon,rita.simon@example.com,Data engineer,0781788371,1969-05-14,Support,41986,2015-01-01
259,Vera,Fournier,vera.fournier@example.com,Consultant sécurité,0699810608,1997-09-11,Comptabilité,74931,2018-02-16
260,Oscar,Petit,oscar.petit@example.com,Analyste,0796671156,1994-09-07,Ressources humaines,37827,2024-12-03
261,Ugo,Durand,ugo.durand@example.com,Data analyst,0707334227,1976-12-28,Comptabilité,33754,2012-06-16
262,Hannah,Richard,hannah.richard@example.com,Designer UX/UI,0815826151,1965-12-19,Ressources humaines,32666,2024-12-24
263,Xenia,Vincent,xenia.vincent@example.com,Consultant sécurité,0656842864,1984-02-28,Ressources humaines,76202,2018-06-13
264,Xenia,Richard,xenia.richard@example.com,DevOps,0705523677,1961-11-14,Ressources humaines,38638,2023-08-18
265,Fiona,Garcia,fiona.garcia@example.com,Administrateur réseau,0632748042,1960-12-07,Comptabilité,77811,2015-05-26
266,Ugo,Dupont,ugo.dupont@example.com,Technicien système,0661989659,1966-12-12,Informatique,45241,2013-03-03
267,Alice,Roux,alice.roux@example.com,Chef de projet,0764366374,1976-05-16,Comptabilité,37357,2019-07-01
268,Max,Laurent,max.laurent@example.com,Data analyst,0652806487,1989-05-13,Marketing,92516,2011-02-06
269,Sam,Moreau,sam.moreau@example.com,Technicien système,0661951087,1967-01-05,Direction,67906,2015-06-25
270,Diana,Robert,diana.robert@example.com,DevOps,0706571808,1962-01-11,Commercial,32366,2020-04-26
271,Sam,Garcia,sam.garcia@example.com,Data analyst,0889009613,1982-03-30,Direction,42001,2016-11-12
272,Kevin,Durand,kevin.durand@example.com,Administrateur réseau,0792855958,1997-09-17,Comptabilité,96548,2024-12-14
273,Ivan,Bertrand,ivan.bertrand@example.com,Administrateur réseau,0716053745,1980-01-24,Commercial,34382,2021-07-14
274,Kevin,Laurent,kevin.laurent@example.com,Chef de projet,0803716376,1964-04-27,Comptabilité,86192,2020-11-05
275,Julia,Morel,julia.morel@example.com,Consultant sécurité,0905578131,1994-08-16,Commercial,75938,2016-05-21
276,Max,Roux,max.roux@example.com,Analyste,0833862500,1981-01-10,Direction,90361,2022-03-08
277,Kevin,Martin,kevin.martin@example.com,Technicien système,0821146665,1968-11-23,Direction,42053,2020-02-10
278,Bob,Robert,bob.robert@example.com,Designer UX/UI,0669685360,1971-03-25,Ressources humaines,80587,2015-02-17
279,Vera,Michel,vera.michel@example.com,Designer UX/UI,0809720499,1987-07-15,Comptabilité,94877,2014-07-10
280,Will,Girard,will.girard@example.com,Designer UX/UI,0628686156,1967-11-11,Marketing,80723,2013-06-16
281,Ivan,Girard,ivan.girard@example.com,Data engineer,0871451006,1986-02-19,Informatique,54956,2019-06-30
282,Max,David,max.david@example.com,Technicien système,0910604054,1978-10-28,Marketing,65591,2023-09-04
283,Yann,Morel,yann.morel@example.com,Data analyst,0656008538,1961-12-31,Ressources humaines,93044,2015-03-23
284,Max,Richard,max.richard@example.com,Chef de projet,0757373051,2000-10-13,Marketing,85989,2014-09-26
285,George,Morel,george.morel@example.com,Chef de projet,0713944461,1998-01-24,Direction,74910,2021-08-03
286,George,David,george.david@example.com,Consultant sécurité,0638333417,1996-05-25,Direction,57977,2016-02-11
287,Zoé,Roux,zoé.roux@example.com,Data engineer,0727043624,1988-08-12,Informatique,36577,2018-11-21
288,Charlie,Dupont,charlie.dupont@example.com,Data analyst,0689964047,1994-05-15,Marketing,64828,2016-07-17
289,Diana,David,diana.david@example.com,Data analyst,0715428642,1968-11-25,Commercial,81742,2014-05-16
290,Julia,Moreau,julia.moreau@example.com,Data engineer,0731559101,1997-03-11,Comptabilité,64186,2018-02-06
291,Zoé,Richard,zoé.richard@example.com,Développeur,0665342920,1965-03-31,Informatique,97068,2016-04-21
292,Nina,Garcia,nina.garcia@example.com,DevOps,0641807337,1960-03-05,Support,34178,2014-10-08
293,Xenia,Robert,xenia.robert@example.com,Designer UX/UI,0604475254,1989-05-24,Marketing,38220,2019-01-22
294,Julia,Durand,julia.durand@example.com,Analyste,0670328432,1968-05-29,Direction,32125,2020-03-31
295,George,Dupont,george.dupont@example.com,Consultant sécurité,0658064312,1987-01-01,Direction,66055,2023-04-18
296,Ethan,Durand,ethan.durand@example.com,Data analyst,0702566616,1963-08-23,Commercial,30871,2012-04-13
297,George,Robert,george.robert@example.com,DevOps,0866341263,1968-04-26,Informatique,58492,2018-04-30
298,Will,Thomas,will.thomas@example.com,Analyste,0602925742,1999-06-21,Commercial,96099,2019-11-17
299,Julia,Roux,julia.roux@example.com,Consultant sécurité,0982251307,1965-08-08,Comptabilité,74818,2020-07-23
300,Laura,Bertrand,laura.bertrand@example.com,Consultant sécurité,0941540519,1993-12-03,Informatique,99484,2015-01-13
301,Tina,Girard,tina.girard@example.com,Technicien système,0827927557,1973-01-19,Comptabilité,47149,2022-08-22
302,Vera,Petit,vera.petit@example.com,Administrateur réseau,0768498459,1981-01-06,Marketing,85541,2018-05-02
303,Ugo,Petit,ugo.petit@example.com,Technicien système,0743903842,1960-04-02,Informatique,45739,2021-12-27
304,Alice,Dupont,alice.dupont@example.com,DevOps,0830141464,1979-12-31,Support,91934,2019-06-11
305,Yann,Richard,yann.richard@example.com,Développeur,0909217095,1996-11-11,Direction,83150,2018-10-15
306,George,Morel,george.morel@example.com,DevOps,0798881828,1965-07-21,Ressources humaines,32682,2015-06-19
307,Quentin,Petit,quentin.petit@example.com,Data analyst,0952449949,1999-11-09,Support,32285,2015-10-05
308,Bob,Thomas,bob.thomas@example.com,Data analyst,0760541469,1986-06-17,Comptabilité,95751,2012-09-14
309,Zoé,Laurent,zoé.laurent@example.com,Administrateur réseau,0999847598,1961-10-18,Direction,41609,2011-01-03
310,Diana,Richard,diana.richard@example.com,Chef de projet,0765532496,1989-07-24,Commercial,79070,2024-11-18
311,Sam,Richard,sam.richard@example.com,Chef de projet,0723104771,1992-01-17,Comptabilité,91429,2013-09-11
312,Bob,Bernard,bob.bernard@example.com,Consultant sécurité,0987218575,1973-02-09,Comptabilité,81715,2013-12-02
313,Ethan,Fournier,ethan.fournier@example.com,DevOps,0851204381,1977-01-12,Informatique,87095,2014-01-16
314,Yann,Simon,yann.simon@example.com,Data analyst,0843095874,1991-02-01,Informatique,29589,2011-08-02
315,Fiona,Girard,fiona.girard@example.com,DevOps,0784137409,1990-03-30,Ressources humaines,48043,2013-10-13
316,Julia,Petit,julia.petit@example.com,Data engineer,0701674605,1977-08-27,Informatique,81854,2013-05-24
317,Ethan,Garcia,ethan.garcia@example.com,Data analyst,0690678806,1985-02-02,Commercial,94078,2016-07-15
318,Ivan,Laurent,ivan.laurent@example.com,Analyste,0871816656,1965-10-18,Support,60760,2010-09-19
319,Xenia,Durand,xenia.durand@example.com,Analyste,0747176615,1995-02-19,Commercial,78811,2017-11-08
320,Paula,Michel,paula.michel@example.com,Consultant sécurité,0996243181,1994-04-13,Commercial,76843,2012-07-09
321,Alice,Robert,alice.robert@example.com,Data analyst,0804430682,1986-08-31,Support,60428,2018-07-01
322,Yann,Moreau,yann.moreau@example.com,Analyste,0662546637,1966-10-22,Informatique,35777,2012-12-27
323,Max,Simon,max.simon@example.com,DevOps,0897773701,1992-11-07,Commercial,64784,2014-03-31
324,Nina,Bernard,nina.bernard@example.com,Technicien système,0755413975,1975-08-17,Marketing,42683,2012-03-14
325,Paula,Dupont,paula.dupont@example.com,DevOps,0620471229,1972-10-02,Direction,39385,2022-11-20
326,Oscar,Petit,oscar.petit@example.com,Data engineer,0693129322,1966-03-27,Support,81360,2012-08-01
327,Alice,Garcia,alice.garcia@example.com,Analyste,0984204968,1996-01-07,Direction,76306,2011-01-10
328,Kevin,Robert,kevin.robert@example.com,Chef de projet,0784602979,1996-11-16,Commercial,51632,2012-03-01
329,Will,Bernard,will.bernard@example.com,Développeur,0745932925,1963-10-19,Commercial,48704,2024-11-22
330,Will,Robert,will.robert@example.com,Analyste,0785937326,1979-09-22,Support,32134,2021-04-23
331,Will,Laurent,will.laurent@example.com,Administrateur réseau,0705896299,1965-06-25,Direction,29992,2020-03-16
332,Max,Thomas,max.thomas@example.com,DevOps,0954729229,1975-02-20,Direction,28687,2014-06-17
333,Zoé,Roux,zoé.roux@example.com,Administrateur réseau,0667500990,1964-01-28,Informatique,47061,2010-12-06
334,Sam,Vincent,sam.vincent@example.com,Développeur,0690179819,1986-06-21,Direction,80893,2014-09-12
335,Hannah,Petit,hannah.petit@example.com,Data analyst,0996455295,1982-12-03,Support,80108,2010-02-04
336,Yann,Durand,yann.durand@example.com,Data engineer,0871434808,1985-06-01,Comptabilité,46349,2014-06-04
337,Ivan,Garcia,ivan.garcia@example.com,Technicien système,0907866912,1960-12-02,Ressources humaines,88235,2018-04-29
338,Ugo,Thomas,ugo.thomas@example.com,Data engineer,0900369335,1998-01-29,Informatique,73707,2023-03-27
339,Alice,Bernard,alice.bernard@example.com,Data analyst,0948822120,1964-03-08,Marketing,34920,2011-09-01
340,Laura,Moreau,laura.moreau@example.com,Développeur,0641567539,1993-08-07,Direction,92654,2022-10-03
341,Hannah,Fournier,hannah.fournier@example.com,Administrateur réseau,0803643313,1989-04-15,Informatique,39160,2014-02-15
342,Ivan,Durand,ivan.durand@example.com,DevOps,0920627043,1996-02-12,Commercial,67920,2014-10-13
343,Xenia,Fournier,xenia.fournier@example.com,DevOps,0978308766,1967-12-06,Comptabilité,79469,2023-04-10
344,Vera,Petit,vera.petit@example.com,Chef de projet,0738055585,2000-05-27,Commercial,58701,2023-07-16
345,Charlie,Michel,charlie.michel@example.com,Designer UX/UI,0655567607,1984-01-03,Support,60445,2019-01-20
346,Laura,Dupont,laura.dupont@example.com,DevOps,0807809507,1975-04-09,Marketing,84837,2022-06-07
347,Xenia,David,xenia.david@example.com,DevOps,0655703180,1966-02-11,Commercial,58492,2024-02-29
348,Julia,Laurent,julia.laurent@example.com,Designer UX/UI,0967637337,1987-03-11,Ressources humaines,28843,2013-10-28
349,Quentin,Girard,quentin.girard@example.com,Data analyst,0765245504,1984-06-07,Ressources humaines,46956,2021-11-15
350,Xenia,Moreau,xenia.moreau@example.com,Data analyst,0610165910,1968-11-01,Commercial,28613,2019-08-19
351,Xenia,Moreau,xenia.moreau@example.com,Développeur,0905480561,1998-08-23,Commercial,37361,2017-08-27
352,Ugo,Moreau,ugo.moreau@example.com,Designer UX/UI,0665827739,1981-05-30,Marketing,38282,2010-11-04
353,Xenia,Laurent,xenia.laurent@example.com,Consultant sécurité,0738260559,1995-04-27,Marketing,70876,2012-01-13
354,Quentin,Richard,quentin.richard@example.com,Data analyst,0908756134,1969-12-25,Commercial,54141,2013-04-05
355,Alice,David,alice.david@example.com,Technicien système,0752813363,1962-04-18,Marketing,62313,2017-09-16
356,Paula,Bernard,paula.bernard@example.com,DevOps,0614436285,1980-03-08,Comptabilité,63447,2015-01-03
357,Alice,Petit,alice.petit@example.com,Designer UX/UI,0951348363,1997-10-20,Commercial,85356,2020-08-26
358,Yann,David,yann.david@example.com,Technicien système,0980894998,1990-06-11,Marketing,80004,2013-10-12
359,George,Martin,george.martin@example.com,DevOps,0936597872,1998-01-12,Informatique,83133,2011-07-28
360,Ivan,Garcia,ivan.garcia@example.com,Data engineer,0970775851,1972-10-01,Support,98011,2010-08-28
361,Will,Roux,will.roux@example.com,Chef de projet,0962469776,1985-07-05,Ressources humaines,83793,2011-06-22
362,Yann,Girard,yann.girard@example.com,Analyste,0998270814,1990-03-04,Informatique,89021,2023-04-28
363,Max,Dupont,max.dupont@example.com,Chef de projet,0940309567,1971-04-17,Direction,36614,2012-08-13
364,Vera,Girard,vera.girard@example.com,Chef de projet,0880713196,1991-06-24,Commercial,97432,2016-01-11
365,Max,Durand,max.durand@example.com,Chef de projet,0967911563,1964-06-04,Marketing,46113,2012-09-30
366,Oscar,Morel,oscar.morel@example.com,Analyste,0849760589,1971-09-18,Direction,37052,2022-02-24
367,Max,Roux,max.roux@example.com,Développeur,0808473599,1974-06-07,Ressources humaines,28888,2014-07-11
368,Vera,Thomas,vera.thomas@example.com,Analyste,0766563514,1995-07-10,Informatique,41438,2014-02-03
369,George,Petit,george.petit@example.com,Data analyst,0811159672,1970-10-18,Direction,68072,2012-08-29
370,George,Martin,george.martin@example.com,Analyste,0639246953,1979-04-11,Ressources humaines,87212,2013-07-12
371,Will,Dupont,will.dupont@example.com,Analyste,0632699263,2000-01-14,Marketing,32073,2021-03-14
372,Kevin,Dupont,kevin.dupont@example.com,Consultant sécurité,0826532330,2000-06-10,Support,56056,2020-02-22
373,Julia,Martin,julia.martin@example.com,Data engineer,0832640356,1969-04-26,Marketing,67017,2019-11-02
374,Ivan,Girard,ivan.girard@example.com,DevOps,0790327565,1962-12-17,Ressources humaines,99382,2012-11-13
375,Yann,Martin,yann.martin@example.com,Consultant sécurité,0925414804,1987-12-10,Ressources humaines,95514,2013-12-23
376,Hannah,Roux,hannah.roux@example.com,Consultant sécurité,0885575805,1992-05-30,Direction,93876,2013-02-21
377,Diana,Martin,diana.martin@example.com,Chef de projet,0737699434,1990-12-18,Commercial,96824,2020-05-12
378,Julia,Martin,julia.martin@example.com,Chef de projet,0719168584,1966-09-14,Ressources humaines,82968,2014-03-27
379,Bob,Michel,bob.michel@example.com,Technicien système,0851811908,1981-05-11,Commercial,81107,2023-07-26
380,Ivan,Michel,ivan.michel@example.com,Designer UX/UI,0722871565,1983-04-03,Marketing,96284,2021-12-04
381,Bob,Fournier,bob.fournier@example.com,Analyste,0694633746,1969-07-22,Comptabilité,59033,2013-02-17
382,Bob,Girard,bob.girard@example.com,Analyste,0806115015,1997-07-02,Comptabilité,44759,2018-11-08
383,Vera,Durand,vera.durand@example.com,Designer UX/UI,0958819349,1967-07-26,Marketing,90044,2015-06-13
384,Yann,Michel,yann.michel@example.com,Analyste,0694801129,1982-05-08,Direction,96227,2014-11-15
385,Max,Garcia,max.garcia@example.com,Data engineer,0925866227,1963-10-12,Marketing,79074,2017-08-25
386,Rita,Girard,rita.girard@example.com,Chef de projet,0972822390,1978-11-19,Informatique,40179,2011-12-23
387,Laura,Morel,laura.morel@example.com,Technicien système,0635736882,1997-08-05,Marketing,75955,2016-08-27
388,Max,Morel,max.morel@example.com,Analyste,0614499745,1998-07-10,Ressources humaines,63282,2012-06-24
389,Ivan,Laurent,ivan.laurent@example.com,Administrateur réseau,0709434950,1975-09-11,Direction,64588,2017-05-13
390,Oscar,Laurent,oscar.laurent@example.com,Analyste,0933404019,1996-02-23,Support,93847,2018-07-21
391,Nina,Moreau,nina.moreau@example.com,DevOps,0737332196,1987-09-21,Commercial,33873,2011-03-20
392,Kevin,Girard,kevin.girard@example.com,Administrateur réseau,0658145349,1976-05-31,Direction,36038,2016-05-27
393,Laura,Fournier,laura.fournier@example.com,DevOps,0823939405,1964-05-07,Informatique,44321,2010-12-18
394,Ugo,Michel,ugo.michel@example.com,Chef de projet,0846340379,1987-12-13,Informatique,40725,2023-02-17
395,Tina,Dupont,tina.dupont@example.com,Consultant sécurité,0738331486,1996-06-05,Ressources humaines,99507,2021-09-02
396,Zoé,David,zoé.david@example.com,Développeur,0708053585,1966-07-08,Commercial,82001,2020-12-07
397,George,David,george.david@example.com,Designer UX/UI,0957914152,1999-03-21,Commercial,71537,2010-03-23
398,Quentin,Moreau,quentin.moreau@example.com,Développeur,0844011018,1968-02-27,Ressources humaines,66285,2010-01-01
399,Will,Laurent,will.laurent@example.com,Data engineer,0750871876,1978-03-14,Comptabilité,75022,2024-10-11
400,Hannah,Dupont,hannah.dupont@example.com,Administrateur réseau,0754404637,1993-12-19,Direction,91451,2024-01-20
401,Ethan,Richard,ethan.richard@example.com,DevOps,0930091304,1995-09-04,Informatique,82081,2011-08-22
402,Ivan,Girard,ivan.girard@example.com,Développeur,0873715271,1978-04-20,Commercial,66163,2010-06-07
403,George,Michel,george.michel@example.com,Designer UX/UI,0999062813,1985-04-25,Marketing,37628,2020-02-15
404,Nina,Bertrand,nina.bertrand@example.com,Data analyst,0859067771,1974-01-14,Informatique,44967,2022-03-18
405,Bob,Vincent,bob.vincent@example.com,Data engineer,0799361360,1972-10-10,Support,97942,2010-01-07
406,Zoé,Petit,zoé.petit@example.com,DevOps,0912232740,1962-09-27,Commercial,63388,2015-08-09
407,Hannah,Petit,hannah.petit@example.com,Technicien système,0986105820,1973-01-08,Ressources humaines,38306,2013-04-25
408,Julia,Robert,julia.robert@example.com,Designer UX/UI,0661178434,1974-06-05,Commercial,95896,2015-03-30
409,Julia,Martin,julia.martin@example.com,Administrateur réseau,0806558990,1994-03-16,Ressources humaines,85247,2024-10-29
410,Nina,Girard,nina.girard@example.com,Analyste,0900020663,1976-06-06,Ressources humaines,51944,2013-07-15
411,Sam,Petit,sam.petit@example.com,Designer UX/UI,0601504925,1964-04-19,Comptabilité,95300,2016-11-29
412,Ivan,Laurent,ivan.laurent@example.com,Développeur,0788051698,1997-10-22,Marketing,43969,2016-05-02
413,Oscar,Bernard,oscar.bernard@example.com,Consultant sécurité,0952399551,1980-02-03,Direction,49163,2016-11-11
414,Sam,Simon,sam.simon@example.com,Data engineer,0653174504,1991-09-05,Support,35924,2017-09-24
415,Laura,Dupont,laura.dupont@example.com,Chef de projet,0852659588,1975-04-21,Comptabilité,93741,2017-05-22
416,Ugo,Michel,ugo.michel@example.com,Data analyst,0645502394,1982-08-12,Commercial,56333,2015-04-13
417,Yann,Simon,yann.simon@example.com,Designer UX/UI,0988354213,1987-11-04,Comptabilité,54463,2017-04-18
418,Fiona,Vincent,fiona.vincent@example.com,Designer UX/UI,0657397957,1963-09-20,Informatique,34390,2018-04-02
419,Quentin,Simon,quentin.simon@example.com,Administrateur réseau,0771262335,1978-09-30,Informatique,58617,2020-01-18
420,Nina,Dupont,nina.dupont@example.com,Développeur,0609521203,1977-06-26,Support,60005,2023-12-22
421,Ugo,Thomas,ugo.thomas@example.com,Designer UX/UI,0908223928,1986-09-30,Comptabilité,87382,2011-04-28
422,Tina,Fournier,tina.fournier@example.com,Designer UX/UI,0816334387,1971-10-29,Ressources humaines,61592,2021-07-12
423,Quentin,Simon,quentin.simon@example.com,Data analyst,0840605644,1983-10-30,Informatique,36729,2023-11-19
424,Vera,Dupont,vera.dupont@example.com,Administrateur réseau,0614360075,1966-12-03,Informatique,29889,2019-08-28
425,Nina,Morel,nina.morel@example.com,Consultant sécurité,0698372286,1974-01-10,Ressources humaines,91598,2012-08-13
426,Ugo,Bernard,ugo.bernard@example.com,Chef de projet,0742981119,1962-06-03,Informatique,76440,2024-06-17
427,Julia,Dupont,julia.dupont@example.com,Data engineer,0756731228,1961-10-30,Informatique,48964,2012-04-02
428,Hannah,Martin,hannah.martin@example.com,DevOps,0769347651,1986-11-05,Comptabilité,45263,2021-07-24
429,Diana,Vincent,diana.vincent@example.com,Data engineer,0701137584,1963-01-28,Commercial,95694,2013-11-09
430,Alice,Dupont,alice.dupont@example.com,Administrateur réseau,0619474055,1978-05-01,Support,64811,2023-04-29
431,Yann,Dupont,yann.dupont@example.com,Technicien système,0990524801,1994-09-22,Informatique,90263,2011-07-25
432,Rita,Roux,rita.roux@example.com,Administrateur réseau,0898836368,1980-02-12,Direction,49516,2013-06-14
433,Diana,Roux,diana.roux@example.com,Technicien système,0996509839,1993-08-19,Ressources humaines,94908,2011-01-13
434,Bob,Bertrand,bob.bertrand@example.com,DevOps,0691799894,1961-01-13,Support,96942,2016-05-31
435,Kevin,Thomas,kevin.thomas@example.com,Administrateur réseau,0898363784,1982-02-09,Informatique,79328,2014-06-20
436,Kevin,Morel,kevin.morel@example.com,Technicien système,0943498376,1978-03-03,Ressources humaines,96828,2011-07-17
437,Paula,David,paula.david@example.com,Analyste,0653182639,1994-11-23,Ressources humaines,85890,2011-07-23
438,Oscar,Moreau,oscar.moreau@example.com,Consultant sécurité,0672555473,1981-06-24,Direction,35908,2017-08-26
439,Will,Laurent,will.laurent@example.com,Data analyst,0647500822,1960-12-31,Support,61755,2013-12-09
440,Quentin,Simon,quentin.simon@example.com,Data engineer,0832732226,1961-12-13,Direction,36690,2018-10-11
441,Fiona,Martin,fiona.martin@example.com,Designer UX/UI,0652777839,1967-07-23,Commercial,94166,2020-01-25
442,Laura,Dupont,laura.dupont@example.com,Technicien système,0671369332,1965-12-22,Commercial,65021,2014-10-04
443,Julia,Garcia,julia.garcia@example.com,DevOps,0923633751,1985-02-06,Ressources humaines,47260,2019-01-11
444,Nina,Bertrand,nina.bertrand@example.com,Data analyst,0800028410,1968-08-04,Comptabilité,80531,2010-04-30
445,Tina,Petit,tina.petit@example.com,Technicien système,0920530259,1994-04-28,Direction,30887,2014-01-01
446,Max,Morel,max.morel@example.com,Consultant sécurité,0774932633,1974-12-31,Commercial,98045,2024-01-01
447,Kevin,Dupont,kevin.dupont@example.com,Data analyst,0989586929,1978-05-01,Commercial,31135,2010-05-27
448,Ethan,Roux,ethan.roux@example.com,DevOps,0850397955,1998-09-10,Direction,68582,2019-03-24
449,Kevin,Laurent,kevin.laurent@example.com,Data analyst,0873047630,1982-01-03,Comptabilité,94074,2010-06-10
450,Xenia,Thomas,xenia.thomas@example.com,Data analyst,0805481688,1965-03-11,Marketing,47824,2010-04-03
451,Oscar,Laurent,oscar.laurent@example.com,Technicien système,0894670603,1998-10-29,Commercial,96906,2024-02-17
452,Ugo,Garcia,ugo.garcia@example.com,Chef de projet,0601186394,1975-12-29,Support,28265,2023-03-10
453,Charlie,Simon,charlie.simon@example.com,Data engineer,0869553073,1982-05-12,Commercial,68767,2017-03-08
454,Ugo,Bernard,ugo.bernard@example.com,Data analyst,0707011060,1962-12-14,Comptabilité,46586,2013-04-06
455,Alice,Moreau,alice.moreau@example.com,Analyste,0906198689,1998-07-27,Informatique,82794,2013-05-26
456,Nina,Petit,nina.petit@example.com,Analyste,0717454439,1987-10-15,Commercial,52923,2015-10-28
457,Ugo,Robert,ugo.robert@example.com,Consultant sécurité,0951287620,1990-06-14,Marketing,36582,2023-07-19
458,Ugo,Bertrand,ugo.bertrand@example.com,Analyste,0602188344,1995-01-12,Comptabilité,44239,2010-07-14
459,Ivan,Vincent,ivan.vincent@example.com,Technicien système,0719029695,1975-12-30,Informatique,43368,2012-09-16
460,Tina,Durand,tina.durand@example.com,Chef de projet,0726162195,1995-03-17,Informatique,30385,2017-08-14
461,Paula,Moreau,paula.moreau@example.com,Data analyst,0669193109,1973-11-03,Comptabilité,75914,2015-02-04
462,Diana,Bernard,diana.bernard@example.com,Data engineer,0879528558,1987-05-20,Informatique,88880,2024-06-01
463,Max,Simon,max.simon@example.com,Développeur,0787606767,1962-01-12,Ressources humaines,78721,2014-03-12
464,Bob,Martin,bob.martin@example.com,DevOps,0988957219,1989-03-26,Direction,62389,2024-09-08
465,Ivan,Moreau,ivan.moreau@example.com,Technicien système,0908964581,1969-05-28,Support,40109,2014-09-17
466,Nina,Morel,nina.morel@example.com,Designer UX/UI,0606207383,1971-12-29,Direction,73855,2013-03-08
467,Max,Thomas,max.thomas@example.com,Analyste,0968988446,1989-05-11,Support,48315,2021-03-23
468,Rita,Richard,rita.richard@example.com,Chef de projet,0643311757,1980-04-16,Ressources humaines,34028,2018-03-15
469,Diana,Bernard,diana.bernard@example.com,DevOps,0980372485,1963-09-16,Direction,80961,2011-11-05
470,Bob,Thomas,bob.thomas@example.com,Designer UX/UI,0701694243,1961-07-04,Ressources humaines,47229,2010-03-18
471,Fiona,Petit,fiona.petit@example.com,Développeur,0601206837,1973-02-11,Ressources humaines,65571,2019-04-08
472,Sam,Moreau,sam.moreau@example.com,Administrateur réseau,0977252677,1981-03-24,Support,36134,2023-03-26
473,Ugo,Roux,ugo.roux@example.com,Data engineer,0815124377,1973-11-10,Marketing,93789,2015-07-06
474,Ivan,Martin,ivan.martin@example.com,Développeur,0718767753,1967-07-06,Ressources humaines,40554,2023-04-07
475,Zoé,Fournier,zoé.fournier@example.com,Data analyst,0752838105,1979-02-09,Ressources humaines,60439,2012-09-11
476,Charlie,Garcia,charlie.garcia@example.com,Administrateur réseau,0947067447,1969-06-28,Commercial,86304,2016-09-12
477,Max,Garcia,max.garcia@example.com,DevOps,0774561316,1976-10-15,Commercial,42449,2020-05-26
478,Tina,Dupont,tina.dupont@example.com,Designer UX/UI,0744983290,1964-11-30,Marketing,31132,2011-11-17
479,Paula,Bertrand,paula.bertrand@example.com,Développeur,0663622738,1998-03-09,Commercial,73736,2016-02-14
480,Hannah,Morel,hannah.morel@example.com,Consultant sécurité,0811379138,1972-09-10,Direction,31565,2012-08-03
481,Tina,Bernard,tina.bernard@example.com,Data engineer,0892108577,1990-12-23,Informatique,99225,2011-03-12
482,Hannah,Richard,hannah.richard@example.com,Technicien système,0726584019,1999-06-04,Commercial,29365,2013-11-17
483,Julia,Dupont,julia.dupont@example.com,Analyste,0992278084,1996-02-01,Direction,84337,2024-10-23
484,Tina,Bertrand,tina.bertrand@example.com,Administrateur réseau,0781110061,1970-10-19,Direction,38085,2017-10-13
485,Vera,Bertrand,vera.bertrand@example.com,Data analyst,0872068829,1989-01-22,Ressources humaines,97521,2017-07-09
486,Vera,Laurent,vera.laurent@example.com,Développeur,0879763849,1981-08-09,Support,63684,2021-05-27
487,George,Richard,george.richard@example.com,Chef de projet,0919053158,2000-04-14,Comptabilité,97394,2016-05-11
488,Tina,Bernard,tina.bernard@example.com,Technicien système,0877798350,1974-01-30,Ressources humaines,54142,2015-07-14
489,George,Garcia,george.garcia@example.com,Consultant sécurité,0951240706,1998-02-05,Direction,47507,2018-06-25
490,Ivan,Fournier,ivan.fournier@example.com,Data analyst,0841797568,1974-10-31,Direction,54457,2019-09-06
491,Fiona,Simon,fiona.simon@example.com,Designer UX/UI,0621939270,1977-09-07,Direction,54105,2023-07-18
492,Kevin,Petit,kevin.petit@example.com,Technicien système,0804069973,1974-02-24,Informatique,91633,2019-08-21
493,Will,Bernard,will.bernard@example.com,Consultant sécurité,0896102909,1993-07-08,Informatique,84712,2011-09-28
494,Tina,Morel,tina.morel@example.com,Technicien système,0791359025,1961-10-25,Marketing,43765,2013-11-24
495,Sam,Garcia,sam.garcia@example.com,DevOps,0702484991,1986-04-20,Ressources humaines,29391,2020-04-02
496,Bob,Durand,bob.durand@example.com,Data analyst,0699379425,1976-01-07,Ressources humaines,72765,2011-12-25
497,Yann,Vincent,yann.vincent@example.com,DevOps,0722875322,1980-10-25,Informatique,75886,2014-09-13
498,Hannah,Laurent,hannah.laurent@example.com,Data engineer,0958921958,1963-05-01,Direction,53295,2018-02-15
499,Oscar,Girard,oscar.girard@example.com,Data analyst,0935041276,1977-08-07,Ressources humaines,35860,2018-08-04
500,Sam,Fournier,sam.fournier@example.com,Chef de projet,0606697119,2000-10-03,Ressources humaines,85403,2011-11-06
