id,prenom,nom,email,poste,telephone,date_naissance,departement,salaire,date_embauche
1,Ethan,Laurent,ethan.laurent@example.com,Data engineer,0955974869,1993-04-17,Support,50280,2018-08-26
2,Ivan,Bernard,ivan.bernard@example.com,Designer UX/UI,0959631411,1989-05-05,Ressources humaines,32197,2015-11-20
3,Zoé,Bernard,zoé.bernard@example.com,Chef de projet,0813595661,1995-12-11,Commercial,78322,2019-07-27
4,Nina,Morel,nina.morel@example.com,Data analyst,0752496453,1970-08-10,Support,84975,2015-07-03
5,Tina,Vincent,tina.vincent@example.com,Analyste,0849046285,1978-07-24,Comptabilité,71404,2015-09-21
6,George,Martin,george.martin@example.com,Administrateur réseau,0603346087,1962-01-24,Marketing,70082,2020-06-12
7,Xenia,Girard,xenia.girard@example.com,Chef de projet,0808341900,1967-10-24,Comptabilité,31957,2012-11-08
8,Vera,Martin,vera.martin@example.com,Administrateur réseau,0893150386,1965-07-15,Ressources humaines,97933,2022-02-09
9,Vera,Martin,vera.martin@example.com,Développeur,0828152541,1987-04-02,Commercial,34308,2023-01-15
10,Paula,Bernard,paula.bernard@example.com,Data analyst,0921335268,1995-10-02,Commercial,48201,2019-03-21
11,Julia,Morel,julia.morel@example.com,Administrateur réseau,0943601020,1970-06-05,Ressources humaines,37025,2024-03-19
12,Oscar,Roux,oscar.roux@example.com,DevOps,0702099530,1966-12-21,Marketing,48543,2023-05-20
13,Paula,Thomas,paula.thomas@example.com,Analyste,0921660362,1971-06-16,Comptabilité,70646,2019-02-24
14,Ethan,David,ethan.david@example.com,Développeur,0826866968,1987-12-20,Comptabilité,43203,2023-12-27
15,Max,Fournier,max.fournier@example.com,Designer UX/UI,0791546776,1969-10-05,Informatique,57590,2010-05-17
16,Yann,Simon,yann.simon@example.com,Administrateur réseau,0604372450,1969-05-11,Informatique,30639,2023-12-24
17,Laura,Michel,laura.michel@example.com,Administrateur réseau,0875723012,1974-12-30,Direction,48549,2015-09-27
18,Tina,Garcia,tina.garcia@example.com,Designer UX/UI,0981924283,2000-10-28,Marketing,91798,2023-05-20
19,Rita,David,rita.david@example.com,Technicien système,0806490630,1982-11-08,Commercial,48198,2011-09-06
20,Laura,Roux,laura.roux@example.com,DevOps,0711633223,1991-02-28,Commercial,41492,2012-12-11
21,Nina,Simon,nina.simon@example.com,Administrateur réseau,0968048381,1985-04-28,Commercial,60959,2014-08-07
22,Will,Garcia,will.garcia@example.com,Technicien système,0946578025,1986-03-19,Marketing,99865,2013-01-11
23,Vera,Bertrand,vera.bertrand@example.com,Analyste,0642730034,1978-11-04,Marketing,47636,2019-02-01
24,Ethan,Garcia,ethan.garcia@example.com,Analyste,0919364362,1978-07-09,Ressources humaines,55914,2021-02-10
25,Laura,Dupont,laura.dupont@example.com,Analyste,0728798726,1995-02-11,Direction,54439,2012-10-08
26,Kevin,Petit,kevin.petit@example.com,Analyste,0862947176,1992-06-05,Comptabilité,80722,2022-05-14
27,Yann,Bernard,yann.bernard@example.com,Data analyst,0775964955,1993-04-13,Comptabilité,44039,2024-08-08
28,Rita,Morel,rita.morel@example.com,Analyste,0889466868,1990-10-01,Ressources humaines,53985,2014-01-13
29,Fiona,Laurent,fiona.laurent@example.com,Administrateur réseau,0830421185,1962-10-11,Informatique,79060,2020-01-25
30,Paula,Fournier,paula.fournier@example.com,Data engineer,0925076173,1988-04-26,Marketing,82233,2021-06-02
31,Will,Morel,will.morel@example.com,Data analyst,0703254377,1981-01-09,Direction,59512,2012-10-26
32,Laura,Girard,laura.girard@example.com,Développeur,0874516310,1968-10-08,Direction,82437,2016-01-06
33,Ethan,Girard,ethan.girard@example.com,Chef de projet,0704129629,1994-05-05,Commercial,98920,2012-12-08
34,Zoé,Bernard,zoé.bernard@example.com,Data analyst,0970446114,1967-06-24,Comptabilité,91096,2012-04-28
35,Charlie,Girard,charlie.girard@example.com,Consultant sécurité,0669181969,1961-02-16,Support,36725,2011-07-07
36,Nina,David,nina.david@example.com,Data engineer,0842293944,1996-12-18,Informatique,55094,2015-01-12
37,Zoé,Girard,zoé.girard@example.com,Consultant sécurité,0867675345,1989-08-23,Marketing,88446,2020-12-29
38,Yann,Laurent,yann.laurent@example.com,Développeur,0861104494,1996-01-08,Support,70486,2014-11-05
39,Xenia,Thomas,xenia.thomas@example.com,Technicien système,0764830035,1981-06-23,Support,79758,2012-07-06
40,Kevin,Fournier,kevin.fournier@example.com,Technicien système,0874998675,1982-12-16,Informatique,77519,2018-03-11
41,Ugo,Bertrand,ugo.bertrand@example.com,Designer UX/UI,0625631198,1994-12-16,Informatique,32960,2017-02-22
42,Fiona,Simon,fiona.simon@example.com,DevOps,0886554677,1981-01-18,Commercial,49910,2012-12-30
43,Laura,Michel,laura.michel@example.com,DevOps,0969410251,1960-09-10,Marketing,68102,2018-03-13
44,Vera,Dupont,vera.dupont@example.com,Technicien système,0894151920,1960-10-21,Ressources humaines,96754,2019-09-14
45,Nina,Garcia,nina.garcia@example.com,Développeur,0934713141,1971-04-15,Ressources humaines,68624,2021-05-28
46,Paula,Thomas,paula.thomas@example.com,DevOps,0858356584,1967-07-27,Ressources humaines,45712,2020-02-07
47,Kevin,Bernard,kevin.bernard@example.com,Chef de projet,0853109056,1962-11-20,Marketing,31422,2017-12-05
48,Xenia,Fournier,xenia.fournier@example.com,Data analyst,0890416700,1963-03-13,Ressources humaines,45237,2011-02-11
49,Ivan,Robert,ivan.robert@example.com,Analyste,0756323637,1981-12-08,Commercial,34454,2016-10-28
50,Hannah,Thomas,hannah.thomas@example.com,Chef de projet,0925674573,1974-12-01,Informatique,30880,2011-12-30
51,Kevin,Dupont,kevin.dupont@example.com,Data engineer,0850907603,1992-09-01,Comptabilité,40536,2019-06-20
52,Zoé,Morel,zoé.morel@example.com,DevOps,0622319609,1986-05-28,Ressources humaines,60589,2015-08-21
53,Ivan,Girard,ivan.girard@example.com,Data engineer,0752608675,1996-07-14,Marketing,92214,2016-04-21
54,Will,Durand,will.durand@example.com,Développeur,0756050683,1980-09-25,Informatique,88316,2013-11-20
55,Paula,Morel,paula.morel@example.com,Administrateur réseau,0602222794,1988-11-10,Support,33562,2016-11-10
56,Charlie,David,charlie.david@example.com,Administrateur réseau,0926294752,1969-06-11,Direction,29072,2020-10-06
57,Nina,Thomas,nina.thomas@example.com,DevOps,0685617294,1974-10-20,Commercial,64409,2022-07-18
58,Rita,Bernard,rita.bernard@example.com,Consultant sécurité,0667453744,1966-08-19,Comptabilité,86344,2023-03-31
59,Tina,David,tina.david@example.com,Administrateur réseau,0674129440,1971-09-28,Direction,83687,2023-01-26
60,Alice,Roux,alice.roux@example.com,Data engineer,0629525169,1985-12-24,Direction,41405,2010-02-23
61,Ugo,Richard,ugo.richard@example.com,Data analyst,0667033653,2000-05-04,Ressources humaines,81417,2014-10-03
62,Fiona,Fournier,fiona.fournier@example.com,Data engineer,0973122850,1999-08-15,Comptabilité,86844,2011-10-30
63,Sam,Martin,sam.martin@example.com,Consultant sécurité,0881232976,1969-11-12,Informatique,29819,2018-09-04
64,Max,David,max.david@example.com,Data engineer,0661404749,1991-05-17,Marketing,60397,2020-08-12
65,Oscar,Girard,oscar.girard@example.com,Chef de projet,0984284358,1962-12-02,Direction,35737,2018-09-17
66,Sam,Robert,sam.robert@example.com,DevOps,0896369225,1969-03-28,Comptabilité,57754,2020-12-23
67,Charlie,Laurent,charlie.laurent@example.com,Analyste,0743218503,1989-02-22,Direction,77071,2012-04-12
68,Ugo,Michel,ugo.michel@example.com,Data engineer,0676980868,1971-12-27,Comptabilité,30494,2019-02-01
69,Charlie,Laurent,charlie.laurent@example.com,Administrateur réseau,0976558015,1996-10-16,Support,32128,2010-10-02
70,Fiona,Garcia,fiona.garcia@example.com,Administrateur réseau,0784659357,1985-01-27,Marketing,99504,2011-12-29
71,Rita,Girard,rita.girard@example.com,Chef de projet,0940434216,2000-12-03,Ressources humaines,33543,2022-12-10
72,Vera,Bernard,vera.bernard@example.com,Analyste,0641928210,1968-07-13,Comptabilité,51345,2023-07-09
73,Fiona,Morel,fiona.morel@example.com,Consultant sécurité,0961093462,1967-07-04,Marketing,34974,2022-02-10
74,Hannah,Garcia,hannah.garcia@example.com,Administrateur réseau,0838186200,1967-11-21,Ressources humaines,42254,2013-03-07
75,Zoé,Martin,zoé.martin@example.com,Analyste,0988022688,1960-04-16,Informatique,61316,2014-08-13
76,Charlie,Garcia,charlie.garcia@example.com,Technicien système,0829409695,1982-11-26,Commercial,79560,2015-11-03
77,Sam,Richard,sam.richard@example.com,Data analyst,0806572347,1963-08-20,Informatique,81556,2016-12-09
78,Julia,Thomas,julia.thomas@example.com,Data engineer,0872058674,1996-08-01,Ressources humaines,62838,2020-06-18
79,Kevin,Laurent,kevin.laurent@example.com,Administrateur réseau,0952034614,1978-12-03,Comptabilité,37298,2014-08-12
80,Laura,Roux,laura.roux@example.com,Designer UX/UI,0887855855,1968-04-30,Direction,67943,2015-03-02
81,Hannah,Michel,hannah.michel@example.com,DevOps,0851031676,1989-09-17,Commercial,62301,2012-04-01
82,Fiona,Durand,fiona.durand@example.com,Designer UX/UI,0921231375,1989-12-07,Direction,66340,2018-04-07
83,Julia,Morel,julia.morel@example.com,Data engineer,0662665016,1963-06-14,Marketing,41400,2010-12-31
84,Sam,Moreau,sam.moreau@example.com,DevOps,0707448100,1967-10-14,Support,56976,2018-08-19
85,Bob,Martin,bob.martin@example.com,Designer UX/UI,0681944638,1984-06-07,Commercial,68944,2019-07-16
86,Laura,Dupont,laura.dupont@example.com,Chef de projet,0685870410,1981-05-26,Commercial,61683,2019-11-02
87,Charlie,Simon,charlie.simon@example.com,DevOps,0905476394,1982-06-19,Ressources humaines,33538,2014-04-30
88,Paula,Roux,paula.roux@example.com,Data analyst,0732166357,1975-04-03,Commercial,40039,2017-03-29
89,Vera,Simon,vera.simon@example.com,Administrateur réseau,0886958563,1971-03-09,Support,43472,2014-12-15
90,Ugo,Robert,ugo.robert@example.com,Technicien système,0802543446,1967-04-12,Ressources humaines,89900,2016-06-15
91,Will,Vincent,will.vincent@example.com,Data engineer,0961640135,1977-12-06,Comptabilité,63059,2011-08-31
92,Paula,Girard,paula.girard@example.com,Développeur,0882971823,1997-09-22,Comptabilité,34576,2012-04-02
93,Charlie,Roux,charlie.roux@example.com,Data engineer,0633991939,1983-05-24,Support,31111,2011-03-12
94,Charlie,Laurent,charlie.laurent@example.com,Développeur,0704621446,1979-03-03,Informatique,75481,2024-10-22
95,Diana,Durand,diana.durand@example.com,Data engineer,0876389823,1996-09-10,Comptabilité,66582,2013-06-24
96,Paula,Martin,paula.martin@example.com,Administrateur réseau,0604789996,1969-12-21,Informatique,36223,2019-12-19
97,Rita,Morel,rita.morel@example.com,Administrateur réseau,0978445746,1971-12-15,Comptabilité,47484,2019-06-23
98,Sam,Petit,sam.petit@example.com,Technicien système,0942116958,1989-01-27,Commercial,51874,2020-12-30
99,Kevin,Petit,kevin.petit@example.com,Data analyst,0855360337,1991-10-25,Ressources humaines,82246,2023-08-11
100,Ethan,Robert,ethan.robert@example.com,Administrateur réseau,0899751304,1996-04-01,Direction,77983,2012-02-26
101,Rita,Robert,rita.robert@example.com,Développeur,0912047986,1972-09-15,Comptabilité,95621,2016-06-24
102,Hannah,Roux,hannah.roux@example.com,Designer UX/UI,0738773500,1966-03-29,Marketing,34385,2020-02-07
103,Tina,Vincent,tina.vincent@example.com,Analyste,0643754794,1973-12-21,Direction,75647,2016-06-22
104,Zoé,Robert,zoé.robert@example.com,Chef de projet,0845641943,1983-01-25,Commercial,63384,2012-03-27
105,Sam,Moreau,sam.moreau@example.com,Développeur,0790069818,1992-01-19,Support,41208,2016-04-20
106,Rita,Dupont,rita.dupont@example.com,Data engineer,0661455504,1982-02-15,Informatique,53419,2020-06-08
107,Xenia,David,xenia.david@example.com,Designer UX/UI,0653069738,1965-02-24,Comptabilité,81510,2018-08-23
108,Hannah,Laurent,hannah.laurent@example.com,Consultant sécurité,0954807884,1980-08-22,Comptabilité,43929,2019-10-09
109,Max,Durand,max.durand@example.com,Designer UX/UI,0937270118,1980-05-10,Direction,80172,2023-02-28
110,Rita,Thomas,rita.thomas@example.com,Développeur,0803073388,1989-08-28,Commercial,46735,2010-12-28
111,Will,Girard,will.girard@example.com,Analyste,0624627381,1975-04-03,Ressources humaines,33836,2019-08-11
112,Oscar,Garcia,oscar.garcia@example.com,Consultant sécurité,0707503899,1972-07-03,Direction,79321,2017-05-23
113,Zoé,Morel,zoé.morel@example.com,Consultant sécurité,0929929947,1978-07-05,Ressources humaines,97567,2014-01-21
114,Ivan,Morel,ivan.morel@example.com,Consultant sécurité,0852122525,1976-06-28,Comptabilité,69792,2020-11-07
115,Xenia,Michel,xenia.michel@example.com,Designer UX/UI,0788924565,1961-01-29,Direction,51079,2012-07-07
116,Paula,Girard,paula.girard@example.com,Designer UX/UI,0787372262,1997-03-29,Support,61990,2011-01-24
117,Vera,Garcia,vera.garcia@example.com,Technicien système,0841424380,1963-02-21,Informatique,97662,2023-03-04
118,Tina,Dupont,tina.dupont@example.com,DevOps,0887846300,1960-09-12,Direction,77417,2013-05-23
119,Quentin,Girard,quentin.girard@example.com,Développeur,0871044742,1971-12-02,Direction,52216,2011-09-15
120,Kevin,Simon,kevin.simon@example.com,Développeur,0923996430,1981-11-29,Marketing,97182,2013-08-12
121,Laura,Garcia,laura.garcia@example.com,Data analyst,0894607062,1977-08-23,Comptabilité,29206,2023-03-03
122,Ivan,Bertrand,ivan.bertrand@example.com,Analyste,0610992092,1983-10-30,Commercial,41053,2015-06-27
123,Ugo,Laurent,ugo.laurent@example.com,DevOps,0956038929,1985-07-09,Ressources humaines,80953,2023-08-13
124,Alice,Roux,alice.roux@example.com,Analyste,0766992321,1966-04-10,Comptabilité,38648,2015-04-22
125,Ugo,Fournier,ugo.fournier@example.com,Administrateur réseau,0964752846,1975-09-10,Support,31236,2016-08-11
126,Alice,Garcia,alice.garcia@example.com,Technicien système,0966841317,1967-07-02,Support,54132,2023-11-03
127,Oscar,Dupont,oscar.dupont@example.com,Analyste,0758270651,1979-06-26,Informatique,36007,2022-06-18
128,Xenia,Vincent,xenia.vincent@example.com,DevOps,0640423584,1973-09-16,Comptabilité,49860,2010-03-05
129,Charlie,Simon,charlie.simon@example.com,DevOps,0803465424,1996-12-17,Marketing,81492,2022-04-04
130,Julia,Garcia,julia.garcia@example.com,Chef de projet,0684232315,1994-03-30,Ressources humaines,90442,2012-10-26
131,Yann,Laurent,yann.laurent@example.com,Designer UX/UI,0832657801,1996-08-18,Ressources humaines,46724,2010-09-23
132,Yann,Vincent,yann.vincent@example.com,Développeur,0644733848,1985-06-12,Ressources humaines,30949,2020-09-29
133,Zoé,Durand,zoé.durand@example.com,Administrateur réseau,0701321969,1971-01-13,Support,63856,2019-03-28
134,Rita,Garcia,rita.garcia@example.com,Data analyst,0880429120,1973-11-20,Informatique,66125,2013-06-16
135,Will,Roux,will.roux@example.com,Administrateur réseau,0846748343,1983-02-25,Direction,31916,2020-04-16
136,Yann,Garcia,yann.garcia@example.com,Technicien système,0940942882,1982-11-29,Support,83813,2024-12-20
137,Laura,Robert,laura.robert@example.com,Développeur,0836676397,1975-08-03,Commercial,68674,2012-11-30
138,Alice,Laurent,alice.laurent@example.com,DevOps,0844965502,1986-08-21,Ressources humaines,95954,2018-01-03
139,Rita,Robert,rita.robert@example.com,Technicien système,0872986536,1971-12-31,Marketing,90565,2022-11-22
140,Nina,Moreau,nina.moreau@example.com,Chef de projet,0797491130,1998-08-06,Marketing,98900,2018-02-16
141,Charlie,Fournier,charlie.fournier@example.com,Consultant sécurité,0613420399,1977-04-26,Marketing,68793,2023-04-23
142,Fiona,Morel,fiona.morel@example.com,Designer UX/UI,0742301036,1995-08-12,Comptabilité,40974,2015-06-17
143,Will,Robert,will.robert@example.com,Technicien système,0928454246,1998-02-24,Direction,91933,2017-05-09
144,Yann,Durand,yann.durand@example.com,Data engineer,0695434008,1989-08-02,Support,67869,2011-07-18
145,Ugo,Robert,ugo.robert@example.com,Data analyst,0637459119,1972-11-18,Support,77948,2015-03-24
146,Quentin,Laurent,quentin.laurent@example.com,Consultant sécurité,0709897424,1961-07-24,Support,44236,2017-07-14
147,Max,Morel,max.morel@example.com,Chef de projet,0910889915,1988-11-07,Informatique,89536,2021-08-04
148,Fiona,Martin,fiona.martin@example.com,Analyste,0630562414,1965-09-13,Comptabilité,51426,2023-12-27
149,Fiona,Robert,fiona.robert@example.com,Data analyst,0683879114,1961-10-02,Direction,95607,2016-05-01
150,Vera,Robert,vera.robert@example.com,Développeur,0618612211,1972-02-10,Ressources humaines,87939,2015-04-14
151,Ivan,Simon,ivan.simon@example.com,Data analyst,0683412822,1977-07-15,Ressources humaines,56456,2021-01-17
152,Alice,David,alice.david@example.com,Analyste,0800966285,1960-03-10,Commercial,42656,2019-04-28
153,Rita,Moreau,rita.moreau@example.com,DevOps,0670706352,1999-03-07,Support,73572,2012-03-24
154,Kevin,Robert,kevin.robert@example.com,Chef de projet,0605610103,1970-10-05,Direction,73505,2020-10-17
155,Paula,Roux,paula.roux@example.com,Analyste,0963769263,1964-05-11,Direction,39009,2012-06-07
156,Vera,Fournier,vera.fournier@example.com,Designer UX/UI,0933643654,1966-03-10,Comptabilité,93344,2017-07-03
157,Vera,Thomas,vera.thomas@example.com,Consultant sécurité,0779364675,1960-04-25,Informatique,65001,2015-08-11
158,Julia,Bertrand,julia.bertrand@example.com,Administrateur réseau,0969167652,1978-01-06,Comptabilité,91722,2012-05-09
159,Will,Martin,will.martin@example.com,Développeur,0685072717,2000-09-03,Informatique,92180,2019-11-16
160,Ivan,Roux,ivan.roux@example.com,Data analyst,0745828028,1989-03-18,Comptabilité,57678,2023-04-23
161,Kevin,Petit,kevin.petit@example.com,Administrateur réseau,0746291202,1977-03-10,Direction,53821,2019-02-02
162,Quentin,Michel,quentin.michel@example.com,Designer UX/UI,0944724215,1977-04-05,Comptabilité,59840,2023-12-20
163,Kevin,Moreau,kevin.moreau@example.com,Data engineer,0725940383,1998-05-21,Ressources humaines,92535,2016-11-25
164,George,Roux,george.roux@example.com,Data engineer,0657745053,1992-03-12,Ressources humaines,94893,2018-12-19
165,George,Girard,george.girard@example.com,Administrateur réseau,0664344947,1980-07-24,Support,43455,2020-12-08
166,Oscar,Robert,oscar.robert@example.com,Consultant sécurité,0826002998,1963-11-20,Ressources humaines,78657,2014-01-19
167,Kevin,Petit,kevin.petit@example.com,Data analyst,0872269986,1965-10-13,Informatique,74173,2021-04-06
168,Vera,David,vera.david@example.com,Chef de projet,0963827918,1980-12-30,Direction,75509,2010-12-29
169,Ivan,Laurent,ivan.laurent@example.com,Administrateur réseau,0659704028,1993-07-11,Marketing,93447,2019-05-12
170,Oscar,Bernard,oscar.bernard@example.com,Designer UX/UI,0729700230,1995-04-09,Marketing,37526,2023-09-20
171,Quentin,Petit,quentin.petit@example.com,DevOps,0931144483,1968-10-16,Support,88745,2023-03-05
172,Fiona,Petit,fiona.petit@example.com,Data engineer,0636392796,1982-02-15,Comptabilité,34495,2016-07-16
173,Xenia,Dupont,xenia.dupont@example.com,Consultant sécurité,0627634470,1992-07-20,Direction,36530,2013-06-03
174,Hannah,Roux,hannah.roux@example.com,Administrateur réseau,0618167841,1982-01-28,Ressources humaines,30843,2012-12-02
175,Yann,Richard,yann.richard@example.com,Analyste,0660277945,1971-02-07,Marketing,70631,2024-11-29
176,Charlie,Morel,charlie.morel@example.com,Administrateur réseau,0708452232,1963-10-25,Direction,64921,2020-01-26
177,Julia,Michel,julia.michel@example.com,Designer UX/UI,0600825654,1998-11-12,Comptabilité,83327,2011-03-26
178,Hannah,Dupont,hannah.dupont@example.com,DevOps,0793519909,1987-10-18,Direction,62498,2013-11-05
179,Tina,Simon,tina.simon@example.com,Designer UX/UI,0976018719,1998-04-03,Comptabilité,67225,2024-04-28
180,Fiona,Richard,fiona.richard@example.com,Data analyst,0953891528,1984-07-01,Informatique,28183,2019-07-31
181,Max,Michel,max.michel@example.com,Data engineer,0868694465,1964-04-17,Marketing,45293,2014-02-22
182,Kevin,Thomas,kevin.thomas@example.com,Technicien système,0971382597,1982-05-04,Marketing,50766,2022-01-12
183,Julia,Vincent,julia.vincent@example.com,DevOps,0719017807,1962-11-27,Commercial,51235,2019-06-28
184,Julia,Bertrand,julia.bertrand@example.com,Administrateur réseau,0908580345,1973-08-07,Informatique,81067,2015-11-13
185,Rita,Martin,rita.martin@example.com,DevOps,0990945918,1962-04-01,Support,32821,2012-09-05
186,Xenia,Robert,xenia.robert@example.com,Data engineer,0879240871,1997-12-19,Support,68497,2023-05-11
187,Kevin,Richard,kevin.richard@example.com,Technicien système,0804850000,1974-04-26,Comptabilité,83850,2010-09-14
188,Yann,Michel,yann.michel@example.com,Data engineer,0900368887,1998-09-01,Direction,41937,2016-01-30
189,Oscar,Dupont,oscar.dupont@example.com,Data analyst,0992381860,1993-04-24,Informatique,34761,2011-04-14
190,Ugo,Bertrand,ugo.bertrand@example.com,Data engineer,0905226566,1963-08-12,Informatique,94547,2022-09-12
191,Ivan,David,ivan.david@example.com,Chef de projet,0747261187,1978-04-21,Informatique,57069,2015-06-22
192,Fiona,Robert,fiona.robert@example.com,Analyste,0609689049,1975-10-06,Informatique,73265,2019-01-10
193,Yann,Richard,yann.richard@example.com,DevOps,0915022195,1972-10-26,Direction,79673,2018-11-17
194,Laura,Vincent,laura.vincent@example.com,Data engineer,0995246901,1993-03-14,Marketing,34109,2018-12-02
195,Alice,Laurent,alice.laurent@example.com,DevOps,0821236365,1981-06-15,Support,95016,2012-03-22
196,Kevin,Richard,kevin.richard@example.com,Technicien système,0852413167,1975-11-25,Support,34957,2010-10-30
197,Hannah,Dupont,hannah.dupont@example.com,Data analyst,0753970743,1997-04-11,Commercial,85395,2020-08-22
198,Vera,Dupont,vera.dupont@example.com,Data analyst,0759130790,1978-09-09,Direction,75757,2014-08-24
199,Zoé,Moreau,zoé.moreau@example.com,DevOps,0641469460,1993-04-26,Direction,50011,2011-06-12
200,Tina,Richard,tina.richard@example.com,Data engineer,0987440673,1981-11-03,Comptabilité,64531,2014-01-09
201,Julia,Bertrand,julia.bertrand@example.com,Designer UX/UI,0889077789,1999-12-22,Informatique,31857,2019-03-22
202,Ethan,Martin,ethan.martin@example.com,Designer UX/UI,0631762862,1994-09-02,Direction,42893,2020-09-23
203,Paula,Laurent,paula.laurent@example.com,Consultant sécurité,0757353322,1981-09-22,Direction,33217,2020-12-29
204,Xenia,David,xenia.david@example.com,Analyste,0894033969,1979-10-16,Ressources humaines,96328,2020-08-05
205,Ethan,Moreau,ethan.moreau@example.com,Technicien système,0699300627,1985-03-20,Support,66671,2023-06-27
206,Will,Petit,will.petit@example.com,Développeur,0743777823,1976-05-25,Ressources humaines,86466,2023-08-11
207,George,Petit,george.petit@example.com,Consultant sécurité,0746331101,1994-02-19,Marketing,88220,2021-02-18
208,Alice,Morel,alice.morel@example.com,DevOps,0892918516,1998-07-27,Marketing,88576,2013-02-19
209,Vera,Fournier,vera.fournier@example.com,Chef de projet,0725978552,1994-10-05,Marketing,55120,2020-05-30
210,Julia,Robert,julia.robert@example.com,Data engineer,0829847413,1960-10-11,Ressources humaines,67398,2021-01-20
211,Zoé,Bernard,zoé.bernard@example.com,DevOps,0609806917,1987-05-05,Informatique,41207,2024-04-21
212,Sam,Moreau,sam.moreau@example.com,Data engineer,0753547066,1962-12-15,Support,75161,2020-07-25
213,Alice,Richard,alice.richard@example.com,Data engineer,0653686858,1984-12-06,Marketing,32245,2020-02-08
214,Rita,Morel,rita.morel@example.com,Designer UX/UI,0725819926,1968-05-08,Support,91741,2012-08-18
215,Diana,Simon,diana.simon@example.com,Designer UX/UI,0866163467,1999-08-24,Ressources humaines,88573,2017-05-04
216,Oscar,Bernard,oscar.bernard@example.com,Développeur,0848358513,1985-04-20,Support,51410,2017-05-28
217,Alice,Laurent,alice.laurent@example.com,Chef de projet,0965819900,1981-07-15,Ressources humaines,86471,2019-09-23
218,Yann,Morel,yann.morel@example.com,Analyste,0894857694,1970-08-15,Marketing,61049,2014-09-08
219,Xenia,David,xenia.david@example.com,Consultant sécurité,0776539725,1977-09-15,Marketing,57062,2019-06-01
220,Ugo,Morel,ugo.morel@example.com,Analyste,0788411184,1997-12-23,Ressources humaines,47734,2024-10-09
221,Tina,David,tina.david@example.com,Data analyst,0947986960,1975-08-01,Comptabilité,36290,2010-06-23
222,Yann,Simon,yann.simon@example.com,Data engineer,0717095771,1964-07-29,Commercial,77075,2015-08-04
223,Rita,Girard,rita.girard@example.com,Analyste,0963639088,1991-10-09,Informatique,88247,2013-09-01
224,Tina,Fournier,tina.fournier@example.com,Analyste,0943136372,1972-08-14,Ressources humaines,91172,2014-04-26
225,Ethan,Girard,ethan.girard@example.com,Administrateur réseau,0695705762,1998-10-01,Comptabilité,52022,2021-01-25
226,George,Bernard,george.bernard@example.com,Designer UX/UI,0747456543,1976-02-28,Informatique,55134,2022-01-11
227,Max,Simon,max.simon@example.com,Data engineer,0634246637,1979-05-05,Marketing,43472,2020-02-16
228,Quentin,Robert,quentin.robert@example.com,Analyste,0985790723,1975-07-11,Informatique,70502,2023-07-25
229,Sam,Laurent,sam.laurent@example.com,DevOps,0697890489,1974-02-03,Marketing,66615,2013-09-04
230,Ivan,Moreau,ivan.moreau@example.com,Technicien système,0623997077,1975-12-31,Direction,37709,2019-08-28
231,Will,Laurent,will.laurent@example.com,Data engineer,0715403923,1988-06-04,Ressources humaines,68911,2014-05-11
232,Diana,Michel,diana.michel@example.com,DevOps,0790326651,1979-08-19,Informatique,35237,2014-11-08
233,Zoé,Bertrand,zoé.bertrand@example.com,Chef de projet,0615847522,1970-08-25,Informatique,80680,2011-01-20
234,Sam,Bertrand,sam.bertrand@example.com,Data engineer,0921260833,1988-10-09,Informatique,44535,2012-05-13
235,Vera,David,vera.david@example.com,Data analyst,0661005992,1987-09-19,Direction,81773,2023-10-09
236,Tina,Fournier,tina.fournier@example.com,Data engineer,0664745172,2000-12-24,Commercial,52079,2023-02-28
237,Rita,Fournier,rita.fournier@example.com,Technicien système,0752085520,1968-11-15,Marketing,55011,2012-11-21
238,Zoé,David,zoé.david@example.com,Data analyst,0634813560,1984-09-04,Informatique,96669,2011-03-12
239,Bob,Garcia,bob.garcia@example.com,Analyste,0726689651,1972-10-31,Comptabilité,28972,2012-05-12
240,Sam,Bertrand,sam.bertrand@example.com,Développeur,0783564270,1964-02-09,Marketing,76992,2013-07-18
241,Kevin,Simon,kevin.simon@example.com,Analyste,0654124928,1979-05-04,Support,91385,2012-01-08
242,Alice,Martin,alice.martin@example.com,Analyste,0622357669,1989-12-30,Comptabilité,71312,2020-04-19
243,Will,Garcia,will.garcia@example.com,Technicien système,0600308031,1984-09-23,Comptabilité,32057,2011-02-03
244,Nina,Michel,nina.michel@example.com,Chef de projet,0645017890,1999-03-07,Ressources humaines,46985,2011-02-04
245,Oscar,Bertrand,oscar.bertrand@example.com,Technicien système,0826035502,1997-01-11,Informatique,76234,2017-11-16
246,Charlie,Bertrand,charlie.bertrand@example.com,Data engineer,0912902024,1967-04-03,Marketing,86918,2021-05-21
247,Ethan,Richard,ethan.richard@example.com,Développeur,0947144531,1981-06-05,Commercial,71657,2017-08-07
248,Paula,Martin,paula.martin@example.com,Data analyst,0719766603,1993-03-08,Direction,55286,2016-03-27
249,Diana,Fournier,diana.fournier@example.com,Data analyst,0864141537,1995-12-20,Marketing,93931,2017-03-25
250,Sam,Moreau,sam.moreau@example.com,Consultant sécurité,0762730201,1971-11-17,Commercial,71668,2019-11-18
251,Rita,Dupont,rita.dupont@example.com,Administrateur réseau,0900053084,1983-12-02,Comptabilité,46148,2024-10-14
252,Ugo,Richard,ugo.richard@example.com,Designer UX/UI,0623083682,1997-12-28,Commercial,43800,2014-12-27
253,Diana,Dupont,diana.dupont@example.com,Développeur,0952094643,1966-07-01,Commercial,82182,2014-07-02
254,Yann,Moreau,yann.moreau@example.com,Data analyst,0932363473,1962-05-18,Commercial,67512,2011-02-09
255,Fiona,Durand,fiona.durand@example.com,Technicien système,0634356889,1965-10-12,Comptabilité,72100,2021-03-26
256,Oscar,Vincent,oscar.vincent@example.com,Administrateur réseau,0956456599,1987-07-13,Support,29035,2012-08-29
257,Ivan,David,ivan.david@example.com,Consultant sécurité,0885644801,1996-09-18,Ressources humaines,91219,2019-03-01
258,Zoé,Petit,zoé.petit@example.com,Consultant sécurité,0795004058,1997-12-15,Informatique,87669,2017-03-16
259,Ivan,Simon,ivan.simon@example.com,Data engineer,0881419882,1997-12-09,Informatique,63490,2021-04-02
260,Hannah,Girard,hannah.girard@example.com,DevOps,0850379395,1983-01-11,Marketing,50738,2016-07-09
261,Zoé,Durand,zoé.durand@example.com,Designer UX/UI,0979446658,2000-08-02,Support,62448,2020-04-21
262,Ethan,Garcia,ethan.garcia@example.com,Consultant sécurité,0878082826,1996-02-19,Support,32584,2012-07-05
263,Will,Simon,will.simon@example.com,Data engineer,0818355538,1970-01-23,Ressources humaines,29548,2015-11-22
264,Max,David,max.david@example.com,Designer UX/UI,0805456805,1968-03-16,Direction,45407,2010-11-17
265,Yann,Moreau,yann.moreau@example.com,Consultant sécurité,0847421512,1991-10-20,Support,28303,2016-07-11
266,Alice,Bertrand,alice.bertrand@example.com,Designer UX/UI,0986458154,1981-02-24,Support,58737,2017-03-27
267,Ethan,Vincent,ethan.vincent@example.com,Développeur,0610241263,1972-06-13,Informatique,54638,2016-07-25
268,Sam,Richard,sam.richard@example.com,Administrateur réseau,0966651354,1964-11-10,Informatique,55777,2022-11-17
269,Sam,Richard,sam.richard@example.com,Chef de projet,0712205562,1982-08-21,Informatique,89670,2015-08-15
270,Ugo,Roux,ugo.roux@example.com,Administrateur réseau,0754767760,1966-04-05,Direction,31809,2020-03-04
271,Yann,Richard,yann.richard@example.com,Technicien système,0985201337,1995-03-14,Direction,87490,2021-11-12
272,Will,Laurent,will.laurent@example.com,Designer UX/UI,0602059800,1966-05-26,Marketing,87689,2013-04-19
273,Kevin,Roux,kevin.roux@example.com,Consultant sécurité,0815526558,1982-09-06,Ressources humaines,55216,2017-12-27
274,Ivan,Vincent,ivan.vincent@example.com,Chef de projet,0958067893,1978-07-06,Direction,84847,2016-02-19
275,Nina,Martin,nina.martin@example.com,Consultant sécurité,0996578034,1995-08-10,Marketing,63348,2017-05-20
276,Oscar,Garcia,oscar.garcia@example.com,DevOps,0660084409,1964-03-20,Ressources humaines,96064,2016-02-14
277,Vera,Vincent,vera.vincent@example.com,Consultant sécurité,0924545518,1978-02-04,Comptabilité,83363,2019-10-14
278,Kevin,Vincent,kevin.vincent@example.com,Data analyst,0989911930,1985-03-02,Commercial,66427,2016-06-04
279,George,Dupont,george.dupont@example.com,Développeur,0727373517,1991-12-16,Ressources humaines,99470,2024-04-27
280,Kevin,Bertrand,kevin.bertrand@example.com,Chef de projet,0659472593,1966-01-18,Informatique,86963,2017-03-03
281,Rita,Dupont,rita.dupont@example.com,Data engineer,0729013548,1990-05-17,Commercial,34906,2024-05-11
282,Bob,Vincent,bob.vincent@example.com,DevOps,0964666604,1976-08-13,Support,40233,2020-06-28
283,Ugo,Simon,ugo.simon@example.com,Designer UX/UI,0763523746,1970-02-10,Marketing,62054,2023-11-05
284,Fiona,Bertrand,fiona.bertrand@example.com,Analyste,0634138678,1980-01-21,Marketing,64158,2021-11-15
285,Zoé,Morel,zoé.morel@example.com,Administrateur réseau,0730873544,1970-11-11,Ressources humaines,34355,2020-05-04
286,Ethan,Michel,ethan.michel@example.com,Data engineer,0716957170,1965-04-21,Commercial,28229,2010-07-25
287,Yann,David,yann.david@example.com,Technicien système,0623976684,1967-04-18,Marketing,49558,2011-11-20
288,Nina,Richard,nina.richard@example.com,Data analyst,0736373374,1990-06-16,Marketing,97138,2014-03-20
289,Xenia,Morel,xenia.morel@example.com,Data engineer,0652099019,1988-04-28,Support,49906,2021-01-29
290,Zoé,Garcia,zoé.garcia@example.com,Technicien système,0672800717,1980-01-27,Marketing,70440,2014-10-06
291,Fiona,Girard,fiona.girard@example.com,Analyste,0920256969,1987-12-03,Direction,77218,2019-08-09
292,Ivan,Bernard,ivan.bernard@example.com,Data engineer,0878575268,1974-08-21,Direction,97659,2012-03-18
293,Diana,Roux,diana.roux@example.com,Consultant sécurité,0897226513,2000-04-29,Informatique,56378,2014-12-01
294,Paula,Martin,paula.martin@example.com,Designer UX/UI,0713290210,1998-03-27,Direction,37507,2023-01-21
295,Ivan,Richard,ivan.richard@example.com,Consultant sécurité,0910523619,1997-12-10,Support,33440,2013-12-02
296,Vera,Richard,vera.richard@example.com,Analyste,0969337784,1983-03-02,Informatique,82325,2023-12-02
297,Rita,Dupont,rita.dupont@example.com,DevOps,0998591285,1996-06-04,Informatique,43931,2015-07-04
298,Alice,Thomas,alice.thomas@example.com,Designer UX/UI,0822128305,1983-08-06,Direction,41183,2013-01-22
299,Will,Garcia,will.garcia@example.com,Administrateur réseau,0940585793,1993-07-11,Support,97747,2015-01-09
300,Tina,Dupont,tina.dupont@example.com,Consultant sécurité,0631938588,1968-10-21,Direction,44702,2010-02-06
301,Bob,Girard,bob.girard@example.com,Analyste,0992984118,1992-11-02,Commercial,45197,2022-12-31
302,Bob,Bertrand,bob.bertrand@example.com,Designer UX/UI,0976415246,1970-01-02,Ressources humaines,28789,2023-12-03
303,Xenia,Martin,xenia.martin@example.com,Développeur,0800005556,1962-11-23,Comptabilité,37634,2011-04-10
304,Hannah,Petit,hannah.petit@example.com,Développeur,0976074540,1976-12-16,Commercial,91667,2011-01-31
305,Tina,Dupont,tina.dupont@example.com,Administrateur réseau,0815476182,1982-01-30,Marketing,58579,2016-09-09
306,Vera,Martin,vera.martin@example.com,Data engineer,0869468534,1985-10-27,Ressources humaines,63811,2021-03-28
307,Ugo,Martin,ugo.martin@example.com,Designer UX/UI,0776447718,1980-12-11,Support,82131,2014-09-17
308,George,Bertrand,george.bertrand@example.com,Analyste,0742277647,1965-12-25,Comptabilité,50793,2024-01-09
309,Paula,Bernard,paula.bernard@example.com,Data analyst,0874585548,1978-02-08,Commercial,95930,2014-08-12
310,Xenia,David,xenia.david@example.com,Designer UX/UI,0617936947,1982-09-02,Ressources humaines,61537,2010-02-23
311,Sam,Fournier,sam.fournier@example.com,Technicien système,0891866748,1970-10-06,Direction,43774,2021-08-10
312,Yann,Laurent,yann.laurent@example.com,DevOps,0832081164,1989-02-22,Informatique,99915,2023-04-29
313,Tina,Dupont,tina.dupont@example.com,Administrateur réseau,0784828561,1974-10-12,Informatique,81469,2017-10-14
314,Paula,Simon,paula.simon@example.com,Administrateur réseau,0701862938,1965-01-16,Informatique,40498,2010-10-25
315,Bob,Laurent,bob.laurent@example.com,Consultant sécurité,0883037707,1986-01-09,Direction,33314,2014-09-08
316,Sam,Garcia,sam.garcia@example.com,Administrateur réseau,0775087038,1966-11-15,Ressources humaines,53561,2023-06-29
317,Sam,Girard,sam.girard@example.com,Consultant sécurité,0790790905,1981-02-07,Informatique,97232,2012-01-14
318,Fiona,Robert,fiona.robert@example.com,Consultant sécurité,0631186957,1971-03-26,Ressources humaines,92022,2014-08-28
319,Laura,Simon,laura.simon@example.com,Data engineer,0663348015,1966-02-19,Informatique,88426,2022-06-28
320,Oscar,Bertrand,oscar.bertrand@example.com,DevOps,0747567187,1996-05-01,Comptabilité,63688,2020-07-29
321,Sam,Michel,sam.michel@example.com,Administrateur réseau,0853396544,1978-08-26,Comptabilité,28545,2010-03-25
322,Tina,Bertrand,tina.bertrand@example.com,Chef de projet,0872147465,1982-01-28,Informatique,32445,2019-08-20
323,Julia,Thomas,julia.thomas@example.com,Analyste,0996376924,1966-11-06,Comptabilité,90876,2016-07-20
324,Will,Bernard,will.bernard@example.com,Administrateur réseau,0886488254,1988-04-28,Comptabilité,54898,2020-07-06
325,Rita,Richard,rita.richard@example.com,DevOps,0856348520,1976-09-04,Support,85292,2014-09-26
326,Sam,David,sam.david@example.com,Data engineer,0663248248,1990-07-11,Commercial,87117,2015-06-09
327,George,Moreau,george.moreau@example.com,Administrateur réseau,0671026076,1985-04-08,Commercial,71149,2018-12-23
328,Sam,Petit,sam.petit@example.com,Technicien système,0868493931,1961-09-20,Informatique,51583,2022-11-07
329,Quentin,Thomas,quentin.thomas@example.com,Designer UX/UI,0637582472,1974-11-25,Ressources humaines,30137,2017-10-28
330,Laura,Vincent,laura.vincent@example.com,Consultant sécurité,0937976255,1983-12-23,Commercial,79412,2023-11-08
331,Will,Richard,will.richard@example.com,Technicien système,0914952935,1974-07-06,Comptabilité,85171,2014-04-28
332,Bob,Morel,bob.morel@example.com,DevOps,0966512434,1984-09-21,Commercial,79662,2014-09-06
333,Xenia,Morel,xenia.morel@example.com,Designer UX/UI,0682694306,1975-07-21,Comptabilité,38383,2018-02-07
334,Diana,Durand,diana.durand@example.com,Chef de projet,0607793629,1984-06-28,Direction,77039,2012-10-21
335,Zoé,Petit,zoé.petit@example.com,Technicien système,0642558259,1963-11-26,Marketing,50273,2022-12-26
336,Alice,Richard,alice.richard@example.com,Data analyst,0895543198,1999-07-20,Commercial,71663,2018-01-01
337,Sam,Morel,sam.morel@example.com,Designer UX/UI,0738770151,1983-05-12,Support,41641,2023-11-16
338,Max,Martin,max.martin@example.com,Analyste,0976332696,1993-06-23,Support,84060,2019-08-27
339,Rita,Simon,rita.simon@example.com,Administrateur réseau,0711839854,1963-07-28,Informatique,92234,2019-09-23
340,Zoé,Durand,zoé.durand@example.com,Consultant sécurité,0868051693,1980-06-04,Commercial,87057,2023-04-13
341,Diana,Garcia,diana.garcia@example.com,Technicien système,0620935625,1973-01-05,Ressources humaines,68417,2010-01-13
342,Xenia,Bertrand,xenia.bertrand@example.com,Développeur,0974339263,1965-05-01,Informatique,32096,2022-06-02
343,Will,Morel,will.morel@example.com,Technicien système,0985437076,1981-07-01,Ressources humaines,52388,2016-07-03
344,Charlie,Laurent,charlie.laurent@example.com,Consultant sécurité,0874273725,1990-02-23,Ressources humaines,93582,2010-08-23
345,George,Morel,george.morel@example.com,Chef de projet,0946903947,1996-07-01,Ressources humaines,91892,2019-09-19
346,Oscar,Roux,oscar.roux@example.com,Data engineer,0999281323,1987-09-03,Ressources humaines,86529,2016-07-17
347,Ivan,Robert,ivan.robert@example.com,Analyste,0803584844,1963-07-01,Marketing,51074,2011-05-15
348,Sam,Richard,sam.richard@example.com,Consultant sécurité,0629250600,1991-08-31,Support,39168,2016-05-15
349,Ivan,Bertrand,ivan.bertrand@example.com,DevOps,0858045862,1984-01-13,Support,29752,2010-12-12
350,Quentin,Petit,quentin.petit@example.com,Développeur,0723239158,1971-06-24,Support,62135,2011-11-24
351,Tina,Durand,tina.durand@example.com,Administrateur réseau,0973834667,1961-11-21,Support,66803,2021-10-13
352,Hannah,Roux,hannah.roux@example.com,Data analyst,0709690880,1984-03-21,Marketing,40910,2024-11-06
353,Sam,Fournier,sam.fournier@example.com,Administrateur réseau,0824109876,1970-07-07,Comptabilité,85335,2021-02-16
354,Yann,Vincent,yann.vincent@example.com,Analyste,0703497208,1963-04-25,Ressources humaines,63758,2020-09-12
355,Zoé,Bernard,zoé.bernard@example.com,Chef de projet,0866144402,1968-01-19,Comptabilité,63759,2024-05-17
356,George,Moreau,george.moreau@example.com,Analyste,0605232770,1982-12-01,Commercial,50383,2022-02-16
357,Max,Thomas,max.thomas@example.com,Administrateur réseau,0772839678,2000-03-25,Ressources humaines,97118,2017-11-18
358,Rita,Simon,rita.simon@example.com,DevOps,0747404573,1976-03-19,Comptabilité,95066,2017-04-15
359,Ivan,David,ivan.david@example.com,Chef de projet,0721084255,2000-11-15,Informatique,33639,2018-02-03
360,Sam,Simon,sam.simon@example.com,Consultant sécurité,0970417029,1960-12-15,Informatique,51910,2017-06-08
361,Ivan,Bernard,ivan.bernard@example.com,Chef de projet,0862408713,1984-07-07,Marketing,46986,2010-03-30
362,Vera,Laurent,vera.laurent@example.com,Technicien système,0698035954,1968-12-03,Comptabilité,36480,2024-03-13
363,Will,Petit,will.petit@example.com,Chef de projet,0746396317,2000-06-16,Ressources humaines,35091,2022-04-21
364,Paula,Roux,paula.roux@example.com,Data analyst,0647932775,1985-06-08,Support,79695,2012-05-12
365,Diana,Michel,diana.michel@example.com,Designer UX/UI,0644921595,1961-06-12,Marketing,91427,2018-06-08
366,Xenia,Bertrand,xenia.bertrand@example.com,Chef de projet,0657111821,1987-11-11,Support,95677,2019-05-25
367,Quentin,Vincent,quentin.vincent@example.com,Designer UX/UI,0640671701,1964-12-30,Informatique,62364,2023-07-09
368,Sam,Michel,sam.michel@example.com,Analyste,0602655313,1997-06-09,Direction,44977,2011-09-27
369,Xenia,Simon,xenia.simon@example.com,Analyste,0634055290,1987-04-13,Direction,44202,2011-11-16
370,Paula,Morel,paula.morel@example.com,Chef de projet,0938518579,1962-06-08,Marketing,64666,2019-03-29
371,Ugo,Richard,ugo.richard@example.com,Data analyst,0714781278,1985-07-11,Direction,47953,2016-04-04
372,Ethan,Girard,ethan.girard@example.com,Analyste,0764337483,1966-10-04,Commercial,90232,2014-05-31
373,Laura,Durand,laura.durand@example.com,Consultant sécurité,0626428926,1961-01-03,Marketing,35367,2014-06-27
374,Yann,Morel,yann.morel@example.com,Consultant sécurité,0616844192,1983-04-10,Direction,28110,2011-10-18
375,Max,Girard,max.girard@example.com,Consultant sécurité,0780558642,1982-07-24,Direction,31338,2016-12-31
376,George,Richard,george.richard@example.com,Designer UX/UI,0865896290,1990-10-11,Comptabilité,86294,2013-08-08
377,Julia,David,julia.david@example.com,Designer UX/UI,0955420874,1976-08-01,Informatique,79344,2014-11-04
378,Charlie,Simon,charlie.simon@example.com,DevOps,0813776645,1966-11-29,Commercial,68868,2021-03-08
379,Fiona,Garcia,fiona.garcia@example.com,Designer UX/UI,0910545767,1977-11-29,Ressources humaines,44178,2010-05-20
380,Ethan,Garcia,ethan.garcia@example.com,Administrateur réseau,0616840751,1992-08-12,Direction,36808,2020-11-21
381,George,Michel,george.michel@example.com,Data engineer,0719936782,1965-05-30,Comptabilité,86585,2014-01-24
382,Xenia,Thomas,xenia.thomas@example.com,Développeur,0986637966,1960-01-01,Support,84074,2017-02-13
383,Vera,Martin,vera.martin@example.com,Analyste,0762872276,1978-09-20,Comptabilité,44503,2024-04-28
384,Charlie,Simon,charlie.simon@example.com,Data analyst,0976323720,1982-12-22,Direction,28512,2015-11-29
385,Charlie,David,charlie.david@example.com,Data engineer,0709723213,1981-01-06,Ressources humaines,78050,2016-06-15
386,George,Thomas,george.thomas@example.com,DevOps,0772679165,1966-04-28,Informatique,58250,2013-03-31
387,Zoé,Bertrand,zoé.bertrand@example.com,Développeur,0623839268,1979-06-23,Informatique,79242,2016-02-13
388,Charlie,Durand,charlie.durand@example.com,Designer UX/UI,0672549385,1995-01-29,Informatique,74985,2011-10-19
389,Will,Martin,will.martin@example.com,Data engineer,0714954001,1968-03-08,Direction,63568,2010-04-03
390,Alice,Thomas,alice.thomas@example.com,Data analyst,0942524056,1977-06-04,Direction,45707,2017-04-14
391,Alice,Simon,alice.simon@example.com,Data analyst,0853259429,1960-03-11,Direction,96108,2024-09-22
392,Alice,Bertrand,alice.bertrand@example.com,Technicien système,0903957711,1969-10-14,Marketing,36146,2016-11-13
393,Quentin,Petit,quentin.petit@example.com,Technicien système,0937199726,1986-03-18,Direction,58467,2013-07-27
394,Will,Petit,will.petit@example.com,Data engineer,0837068642,1986-07-14,Marketing,47704,2022-11-02
395,Kevin,Thomas,kevin.thomas@example.com,Consultant sécurité,0742745963,1990-08-31,Direction,31063,2018-07-24
396,Charlie,Girard,charlie.girard@example.com,Data engineer,0605360532,1971-09-29,Comptabilité,45354,2012-02-23
397,Xenia,Richard,xenia.richard@example.com,Technicien système,0884772245,1975-07-30,Direction,65117,2024-06-09
398,Zoé,Fournier,zoé.fournier@example.com,Développeur,0893758599,1981-11-21,Ressources humaines,61453,2024-12-30
399,Zoé,Dupont,zoé.dupont@example.com,DevOps,0791234284,1969-10-10,Informatique,59333,2011-08-15
400,Tina,Robert,tina.robert@example.com,Chef de projet,0782877398,1971-07-04,Direction,90624,2019-10-01
401,Laura,Garcia,laura.garcia@example.com,Analyste,0988182070,1975-10-23,Marketing,28851,2013-08-30
402,Charlie,Thomas,charlie.thomas@example.com,Analyste,0954858333,1979-11-09,Direction,62986,2017-03-20
403,Yann,Richard,yann.richard@example.com,DevOps,0966087314,1971-04-27,Direction,94980,2024-07-03
404,Diana,Michel,diana.michel@example.com,Administrateur réseau,0781217121,2000-05-25,Support,67892,2012-12-02
405,Ugo,Morel,ugo.morel@example.com,Designer UX/UI,0687778920,1961-04-03,Informatique,35966,2023-06-02
406,Laura,Robert,laura.robert@example.com,Designer UX/UI,0632374284,1970-10-04,Direction,36689,2017-02-09
407,Paula,Petit,paula.petit@example.com,Consultant sécurité,0721026741,1973-10-07,Support,94483,2016-11-03
408,Quentin,Garcia,quentin.garcia@example.com,Développeur,0647463204,1981-10-09,Informatique,74316,2013-03-18
409,Vera,Thomas,vera.thomas@example.com,Data engineer,0617348447,1999-01-28,Direction,29079,2020-10-08
410,Quentin,Roux,quentin.roux@example.com,Analyste,0956733868,1994-12-17,Support,79772,2012-04-23
411,Alice,Roux,alice.roux@example.com,Administrateur réseau,0989751373,1963-11-12,Support,75070,2020-06-15
412,Diana,Laurent,diana.laurent@example.com,Data analyst,0815144156,1992-11-16,Direction,95368,2010-08-21
413,Ugo,Morel,ugo.morel@example.com,Consultant sécurité,0879632549,1977-11-18,Ressources humaines,81733,2013-03-20
414,Charlie,Simon,charlie.simon@example.com,Data engineer,0680630694,1987-02-02,Ressources humaines,49704,2022-07-19
415,Hannah,Michel,hannah.michel@example.com,Administrateur réseau,0850397043,1967-07-13,Informatique,42726,2016-12-10
416,Xenia,Laurent,xenia.laurent@example.com,Développeur,0919674219,1972-01-30,Comptabilité,95669,2017-10-17
417,Max,Simon,max.simon@example.com,Data analyst,0766805360,1996-04-04,Marketing,76844,2023-11-17
418,Nina,Michel,nina.michel@example.com,Développeur,0684558996,1965-07-09,Direction,88143,2020-05-14
419,Ethan,Richard,ethan.richard@example.com,Consultant sécurité,0829773285,1968-01-07,Ressources humaines,81512,2020-03-17
420,Quentin,Petit,quentin.petit@example.com,Technicien système,0981851220,1980-02-11,Direction,85082,2019-11-02
421,Oscar,Morel,oscar.morel@example.com,Analyste,0699451900,1981-02-17,Ressources humaines,42086,2011-05-24
422,Tina,Richard,tina.richard@example.com,Développeur,0830733145,1964-05-28,Direction,28933,2022-07-31
423,Diana,Roux,diana.roux@example.com,Développeur,0711315608,2000-01-18,Informatique,50819,2019-06-25
424,Charlie,Laurent,charlie.laurent@example.com,Designer UX/UI,0644189701,1992-11-23,Ressources humaines,51931,2012-05-05
425,Ivan,Roux,ivan.roux@example.com,Data analyst,0740317220,1991-12-17,Comptabilité,88750,2016-09-02
426,Nina,Moreau,nina.moreau@example.com,Technicien système,0653909846,1990-09-07,Ressources humaines,43164,2016-12-11
427,Rita,Simon,rita.simon@example.com,Analyste,0887618093,1982-08-14,Ressources humaines,76580,2023-03-23
428,Vera,Moreau,vera.moreau@example.com,Technicien système,0958202587,1997-11-16,Informatique,69231,2016-01-31
429,Sam,Vincent,sam.vincent@example.com,Analyste,0908005250,1972-04-22,Informatique,81994,2024-07-27
430,Xenia,Roux,xenia.roux@example.com,DevOps,0909633246,1974-06-05,Direction,91333,2012-10-09
431,Rita,Thomas,rita.thomas@example.com,Administrateur réseau,0804403740,1990-05-30,Comptabilité,52504,2015-07-28
432,Oscar,Bertrand,oscar.bertrand@example.com,Data analyst,0763573509,1990-12-16,Ressources humaines,74653,2015-12-24
433,Hannah,Garcia,hannah.garcia@example.com,Data analyst,0701123575,1976-07-19,Marketing,59738,2014-02-27
434,Nina,Robert,nina.robert@example.com,Développeur,0979731830,1972-02-12,Ressources humaines,59247,2010-08-30
435,Fiona,Garcia,fiona.garcia@example.com,DevOps,0822396892,1982-12-06,Ressources humaines,74659,2013-08-29
436,Bob,Thomas,bob.thomas@example.com,Analyste,0637446997,1964-07-30,Support,37413,2022-05-22
437,Hannah,Robert,hannah.robert@example.com,DevOps,0692148286,1968-10-18,Commercial,84765,2012-01-27
438,Ivan,Roux,ivan.roux@example.com,Designer UX/UI,0800267408,1963-07-15,Comptabilité,31806,2022-10-21
439,Hannah,Robert,hannah.robert@example.com,Data engineer,0995916068,1997-11-02,Commercial,95702,2022-05-21
440,Max,Laurent,max.laurent@example.com,Designer UX/UI,0892640046,1979-10-17,Direction,63662,2013-12-12
441,Hannah,Fournier,hannah.fournier@example.com,Développeur,0767641957,1961-07-02,Ressources humaines,63402,2021-06-07
442,Diana,Bertrand,diana.bertrand@example.com,Data analyst,0663858007,1967-08-17,Ressources humaines,91499,2016-03-06
443,Laura,Laurent,laura.laurent@example.com,Chef de projet,0743762005,1963-03-21,Marketing,77515,2018-09-12
444,Tina,Robert,tina.robert@example.com,Analyste,0840392522,1970-08-10,Marketing,34889,2020-08-27
445,Quentin,Morel,quentin.morel@example.com,Administrateur réseau,0618801426,1990-07-14,Support,75240,2012-03-20
446,Zoé,Petit,zoé.petit@example.com,Chef de projet,0684657671,1974-02-22,Comptabilité,44028,2019-10-14
447,Vera,Martin,vera.martin@example.com,Développeur,0837359884,1987-08-09,Support,49525,2017-03-26
448,Nina,Bernard,nina.bernard@example.com,Technicien système,0856539942,1973-08-20,Informatique,64232,2019-08-04
449,Yann,Robert,yann.robert@example.com,Consultant sécurité,0731146510,1984-11-20,Commercial,64239,2024-06-02
450,Xenia,Michel,xenia.michel@example.com,Développeur,0653432260,1994-07-08,Support,74887,2024-06-16
451,Diana,Richard,diana.richard@example.com,Analyste,0683199788,1981-09-27,Direction,54981,2019-10-19
452,Zoé,Girard,zoé.girard@example.com,Data analyst,0868836242,1978-07-28,Comptabilité,88179,2018-07-18
453,Max,Robert,max.robert@example.com,Technicien système,0697423039,1963-12-16,Direction,74129,2014-06-03
454,Rita,Roux,rita.roux@example.com,DevOps,0631946613,1996-02-22,Marketing,75508,2023-12-28
455,Yann,Moreau,yann.moreau@example.com,Designer UX/UI,0655895945,1985-01-26,Direction,80811,2014-10-13
456,Laura,Robert,laura.robert@example.com,Designer UX/UI,0640628097,1977-02-19,Comptabilité,78472,2024-11-10
457,Laura,Robert,laura.robert@example.com,Administrateur réseau,0976289182,1960-05-26,Commercial,53285,2010-05-07
458,George,Moreau,george.moreau@example.com,Technicien système,0924959589,1965-12-09,Informatique,38557,2022-01-22
459,Paula,David,paula.david@example.com,Analyste,0845492859,1980-09-17,Marketing,45714,2024-06-11
460,Quentin,Thomas,quentin.thomas@example.com,Chef de projet,0675316200,1985-07-16,Support,65168,2024-06-26
461,Charlie,Garcia,charlie.garcia@example.com,Designer UX/UI,0700643315,1977-05-02,Support,74471,2011-06-27
462,Will,Dupont,will.dupont@example.com,Analyste,0691790647,1985-12-03,Marketing,81662,2013-10-22
463,Hannah,Simon,hannah.simon@example.com,Technicien système,0774632984,1982-11-07,Commercial,42744,2010-08-30
464,Yann,David,yann.david@example.com,Chef de projet,0939015307,1981-01-17,Informatique,84045,2018-01-18
465,Max,Bernard,max.bernard@example.com,Data analyst,0929456767,1976-10-14,Support,85902,2021-06-16
466,Zoé,David,zoé.david@example.com,Technicien système,0946252019,1970-08-25,Support,97159,2021-06-17
467,Ethan,Laurent,ethan.laurent@example.com,Data engineer,0683454745,1988-09-03,Direction,77123,2015-09-07
468,Sam,Bertrand,sam.bertrand@example.com,Technicien système,0867792183,1995-04-03,Marketing,90453,2015-07-30
469,Laura,David,laura.david@example.com,Technicien système,0620776122,1992-12-14,Comptabilité,35408,2022-04-01
470,Xenia,Simon,xenia.simon@example.com,Designer UX/UI,0625721159,1997-10-25,Support,44308,2017-07-28
471,Oscar,Girard,oscar.girard@example.com,DevOps,0829564080,1989-01-25,Comptabilité,56648,2017-12-19
472,Fiona,Bertrand,fiona.bertrand@example.com,Analyste,0625783250,1966-02-06,Ressources humaines,90177,2016-11-23
473,Diana,Bernard,diana.bernard@example.com,Consultant sécurité,0851566755,1992-10-14,Comptabilité,57077,2017-08-24
474,Xenia,Durand,xenia.durand@example.com,Développeur,0984037375,1968-12-16,Informatique,30451,2020-03-30
475,Max,Petit,max.petit@example.com,Consultant sécurité,0626546361,1982-11-21,Commercial,83721,2010-02-01
476,Fiona,Thomas,fiona.thomas@example.com,Data engineer,0805459439,1962-02-07,Commercial,42120,2024-12-23
477,Ugo,Michel,ugo.michel@example.com,Chef de projet,0720883316,1988-08-19,Direction,91742,2023-11-14
478,Hannah,Bertrand,hannah.bertrand@example.com,Développeur,0739207694,1992-12-07,Support,50627,2013-01-15
479,Rita,Richard,rita.richard@example.com,Technicien système,0701909033,1999-08-19,Support,62626,2023-05-25
480,Xenia,David,xenia.david@example.com,Designer UX/UI,0680436384,1992-04-27,Marketing,68177,2021-11-21
481,Oscar,Girard,oscar.girard@example.com,Data analyst,0677983194,1968-04-14,Commercial,56597,2014-12-08
482,George,Martin,george.martin@example.com,Technicien système,0881713414,1971-10-27,Direction,91555,2015-05-11
483,Julia,Laurent,julia.laurent@example.com,DevOps,0740647554,1990-09-06,Direction,58258,2012-01-30
484,Bob,Laurent,bob.laurent@example.com,Développeur,0909719336,1995-07-18,Direction,53721,2017-02-16
485,Max,Roux,max.roux@example.com,Consultant sécurité,0637979559,1972-05-28,Comptabilité,94342,2022-12-07
486,Ugo,Simon,ugo.simon@example.com,Développeur,0610152504,1974-09-03,Comptabilité,31536,2024-09-03
487,Laura,Bertrand,laura.bertrand@example.com,Chef de projet,0858520986,1987-11-14,Ressources humaines,57336,2011-05-02
488,Oscar,Morel,oscar.morel@example.com,Analyste,0955835550,1975-06-16,Commercial,69363,2013-12-01
489,Kevin,Moreau,kevin.moreau@example.com,Chef de projet,0809525478,1966-05-20,Support,39107,2019-11-23
490,Diana,Durand,diana.durand@example.com,Data analyst,0900546088,1966-05-12,Ressources humaines,48863,2024-08-18
491,Quentin,Thomas,quentin.thomas@example.com,Designer UX/UI,0651770572,1981-11-10,Direction,69733,2014-08-10
492,Laura,Bernard,laura.bernard@example.com,Data engineer,0687218925,1972-12-30,Support,60341,2017-05-12
493,Alice,Laurent,alice.laurent@example.com,Développeur,0743622771,1985-09-28,Ressources humaines,52196,2021-07-25
494,Charlie,Laurent,charlie.laurent@example.com,Technicien système,0665864781,1983-05-13,Direction,72015,2021-12-24
495,Tina,Martin,tina.martin@example.com,Data analyst,0768416860,1963-01-16,Direction,93970,2022-09-13
496,Hannah,Martin,hannah.martin@example.com,Consultant sécurité,0681729961,1985-02-09,Marketing,90133,2024-04-11
497,Paula,Moreau,paula.moreau@example.com,Analyste,0997590014,1986-05-26,Direction,45342,2015-01-24
498,Sam,Thomas,sam.thomas@example.com,Administrateur réseau,0682206466,1996-12-12,Ressources humaines,84742,2016-05-23
499,Ivan,Martin,ivan.martin@example.com,Développeur,0737702957,1962-02-09,Ressources humaines,53616,2017-04-01
500,Zoé,Morel,zoé.morel@example.com,Consultant sécurité,0992361765,1988-03-28,Direction,73050,2010-05-24
