id,prenom,nom,email,poste,telephone,date_naissance,departement,salaire,date_embauche
1,Zoé,Durand,zoé.durand@example.com,Administrateur réseau,0895225924,1973-07-11,Commercial,43091,2015-04-28
2,Ethan,Dupont,ethan.dupont@example.com,Analyste,0824579991,1996-10-31,Commercial,47118,2020-06-30
3,Vera,Roux,vera.roux@example.com,Consultant sécurité,0617303372,1989-12-03,Ressources humaines,57937,2019-07-31
4,Diana,Garcia,diana.garcia@example.com,Chef de projet,0864336211,1974-05-12,Support,66832,2018-03-31
5,Paula,Vincent,paula.vincent@example.com,Data analyst,0818608506,1971-11-12,Ressources humaines,61231,2016-03-31
6,Diana,David,diana.david@example.com,Designer UX/UI,0658826791,1975-09-01,Support,38032,2020-03-29
7,Fiona,Durand,fiona.durand@example.com,Technicien système,0915419895,1985-07-30,Ressources humaines,38721,2021-12-08
8,Yann,Girard,yann.girard@example.com,Chef de projet,0763671812,1995-10-07,Comptabilité,68869,2011-10-16
9,Tina,Petit,tina.petit@example.com,Data analyst,0645196811,2000-03-18,Marketing,98149,2015-05-30
10,Charlie,Moreau,charlie.moreau@example.com,Développeur,0652464692,1981-06-11,Commercial,91100,2024-08-30
11,Alice,Simon,alice.simon@example.com,Data engineer,0668812377,1972-05-13,Direction,86280,2019-02-22
12,Hannah,Richard,hannah.richard@example.com,Designer UX/UI,0937669281,1983-07-05,Support,69628,2021-04-10
13,Quentin,Vincent,quentin.vincent@example.com,Analyste,0688550697,1982-01-23,Comptabilité,31305,2019-03-07
14,Kevin,Laurent,kevin.laurent@example.com,Designer UX/UI,0818263034,1983-10-03,Comptabilité,40503,2023-09-05
15,Diana,Vincent,diana.vincent@example.com,Technicien système,0625139759,1982-09-29,Direction,32682,2012-07-03
16,Julia,Michel,julia.michel@example.com,DevOps,0695879521,1994-08-08,Direction,43781,2022-06-02
17,Julia,Thomas,julia.thomas@example.com,Data analyst,0604593933,1980-02-19,Ressources humaines,55316,2021-01-13
18,Ugo,David,ugo.david@example.com,Data engineer,0867496654,1976-12-13,Direction,59947,2015-02-17
19,Hannah,Laurent,hannah.laurent@example.com,DevOps,0611614623,1969-04-18,Direction,66939,2018-08-17
20,Diana,Garcia,diana.garcia@example.com,Consultant sécurité,0764781629,1978-09-12,Commercial,47851,2016-03-06
21,Rita,Durand,rita.durand@example.com,Analyste,0777034104,1986-01-25,Marketing,99445,2022-02-16
22,Nina,Fournier,nina.fournier@example.com,Designer UX/UI,0729242379,1970-03-23,Ressources humaines,52500,2021-10-28
23,Hannah,Fournier,hannah.fournier@example.com,Technicien système,0690994341,1965-08-27,Comptabilité,63037,2012-10-15
24,Oscar,Robert,oscar.robert@example.com,Designer UX/UI,0723977883,1962-02-15,Comptabilité,50969,2013-04-21
25,Paula,Petit,paula.petit@example.com,Consultant sécurité,0761639114,1978-01-12,Direction,49374,2023-01-27
26,George,Petit,george.petit@example.com,Data analyst,0899984238,1981-07-21,Ressources humaines,74283,2022-03-26
27,Kevin,Bertrand,kevin.bertrand@example.com,Consultant sécurité,0658896453,1967-11-12,Support,31362,2010-07-07
28,Quentin,Martin,quentin.martin@example.com,Analyste,0673106548,2000-10-14,Support,57985,2019-03-23
29,Rita,David,rita.david@example.com,Designer UX/UI,0664762694,1962-06-17,Support,34334,2024-11-04
30,Xenia,Simon,xenia.simon@example.com,Data engineer,0981323569,1979-02-05,Informatique,83840,2012-05-11
31,Oscar,Petit,oscar.petit@example.com,Data analyst,0876444076,1983-02-02,Ressources humaines,94309,2013-08-08
32,Will,Robert,will.robert@example.com,Administrateur réseau,0911760999,1981-01-13,Support,32205,2014-03-25
33,Vera,Bertrand,vera.bertrand@example.com,Consultant sécurité,0610384609,1960-06-07,Marketing,77672,2013-09-06
34,Sam,Girard,sam.girard@example.com,Designer UX/UI,0765290222,1967-08-19,Commercial,86355,2013-10-17
35,Vera,Durand,vera.durand@example.com,Développeur,0957086691,1995-07-16,Marketing,76150,2018-08-31
36,Sam,Morel,sam.morel@example.com,Chef de projet,0637689865,1987-01-14,Comptabilité,88479,2020-01-13
37,Paula,Robert,paula.robert@example.com,Data analyst,0642573816,1991-12-21,Ressources humaines,42486,2016-10-09
38,Tina,Thomas,tina.thomas@example.com,Chef de projet,0752915397,1974-01-10,Informatique,46865,2010-03-28
39,Fiona,Michel,fiona.michel@example.com,DevOps,0784121428,1970-07-26,Commercial,57066,2016-08-01
40,Max,Bernard,max.bernard@example.com,Chef de projet,0825014238,1983-03-02,Comptabilité,83611,2023-01-31
41,Ugo,Girard,ugo.girard@example.com,Data analyst,0628095818,1984-08-23,Direction,97897,2018-02-15
42,Vera,David,vera.david@example.com,Data analyst,0927929333,1996-12-29,Ressources humaines,99120,2022-01-09
43,Julia,Michel,julia.michel@example.com,Consultant sécurité,0948666740,1981-02-14,Direction,34846,2024-11-12
44,Paula,Roux,paula.roux@example.com,Administrateur réseau,0953129797,1972-05-06,Ressources humaines,79705,2011-02-10
45,Will,Martin,will.martin@example.com,Technicien système,0721682284,1978-11-02,Ressources humaines,65784,2021-05-19
46,Will,Petit,will.petit@example.com,Analyste,0640545868,1995-04-08,Direction,41436,2017-10-07
47,Zoé,Michel,zoé.michel@example.com,Administrateur réseau,0731810869,1986-07-04,Direction,47139,2022-05-17
48,Vera,Martin,vera.martin@example.com,Consultant sécurité,0842883356,1988-11-17,Support,73182,2021-04-20
49,Zoé,Michel,zoé.michel@example.com,Technicien système,0974424754,1990-03-09,Ressources humaines,37277,2017-04-23
50,Kevin,Simon,kevin.simon@example.com,Développeur,0784545278,1977-04-26,Marketing,82258,2023-02-18
51,Laura,Simon,laura.simon@example.com,Développeur,0920560057,1970-02-09,Direction,34955,2019-11-26
52,Vera,Dupont,vera.dupont@example.com,Technicien système,0637747207,1988-01-26,Direction,96904,2024-06-12
53,Tina,Laurent,tina.laurent@example.com,Designer UX/UI,0899435309,1995-05-26,Comptabilité,72215,2020-03-17
54,Paula,Petit,paula.petit@example.com,DevOps,0659022654,1989-11-12,Support,84393,2014-03-21
55,Rita,David,rita.david@example.com,Data engineer,0940644598,1969-09-21,Informatique,64378,2013-10-30
56,Xenia,Simon,xenia.simon@example.com,Technicien système,0961228352,1976-09-28,Commercial,90226,2016-04-15
57,Sam,Robert,sam.robert@example.com,Chef de projet,0702205665,1971-09-24,Direction,67386,2021-06-28
58,Ethan,Bertrand,ethan.bertrand@example.com,Data analyst,0936256336,1968-01-18,Direction,84000,2023-09-10
59,Yann,Robert,yann.robert@example.com,Data analyst,0695496586,1974-04-10,Direction,88519,2013-04-06
60,Vera,Richard,vera.richard@example.com,Data analyst,0919282979,1996-09-06,Ressources humaines,40529,2010-06-04
61,Ethan,Thomas,ethan.thomas@example.com,Data engineer,0913964823,1988-02-02,Comptabilité,67735,2024-08-08
62,Zoé,Morel,zoé.morel@example.com,Consultant sécurité,0639257391,1993-05-27,Support,70461,2013-12-22
63,Bob,Dupont,bob.dupont@example.com,Technicien système,0703591396,1982-02-09,Ressources humaines,50302,2021-03-18
64,Julia,Petit,julia.petit@example.com,Chef de projet,0950037142,1962-06-15,Comptabilité,62794,2024-01-15
65,Quentin,Robert,quentin.robert@example.com,Data analyst,0811520823,1993-10-28,Support,82856,2017-12-03
66,Tina,Garcia,tina.garcia@example.com,Consultant sécurité,0895413903,1992-04-12,Support,76680,2020-08-04
67,Quentin,Simon,quentin.simon@example.com,Développeur,0940283521,1982-08-21,Comptabilité,38585,2016-07-07
68,Laura,Bernard,laura.bernard@example.com,Data engineer,0693470926,1964-04-28,Ressources humaines,46177,2018-04-29
69,Sam,Garcia,sam.garcia@example.com,Consultant sécurité,0898863771,1970-08-02,Informatique,68242,2012-08-25
70,Ugo,Vincent,ugo.vincent@example.com,Analyste,0612782934,1977-06-22,Direction,78757,2023-12-21
71,Oscar,Robert,oscar.robert@example.com,Technicien système,0613276530,1979-10-23,Marketing,51238,2024-02-11
72,Ethan,Thomas,ethan.thomas@example.com,Technicien système,0677409665,1960-10-07,Ressources humaines,80767,2012-10-18
73,Kevin,Girard,kevin.girard@example.com,Analyste,0996768156,1994-04-09,Commercial,60949,2019-01-21
74,Zoé,Thomas,zoé.thomas@example.com,Analyste,0938455613,1988-10-24,Marketing,31869,2014-07-16
75,Yann,Robert,yann.robert@example.com,Designer UX/UI,0976204969,1988-05-14,Comptabilité,33400,2010-07-26
76,Rita,Michel,rita.michel@example.com,Data analyst,0816302103,1983-07-22,Commercial,70334,2019-09-15
77,Sam,Dupont,sam.dupont@example.com,DevOps,0870916574,1962-11-26,Direction,71624,2018-12-30
78,Diana,Vincent,diana.vincent@example.com,Consultant sécurité,0763824724,2000-04-18,Commercial,45111,2010-07-18
79,Oscar,Garcia,oscar.garcia@example.com,Data engineer,0935542251,1999-07-29,Direction,91558,2019-07-21
80,Julia,Michel,julia.michel@example.com,DevOps,0876444523,1978-09-05,Direction,41168,2019-11-28
81,Quentin,Roux,quentin.roux@example.com,Consultant sécurité,0977825592,1989-12-13,Commercial,65717,2011-06-21
82,Fiona,Robert,fiona.robert@example.com,Designer UX/UI,0647819420,1977-08-22,Comptabilité,41538,2019-04-25
83,Charlie,Moreau,charlie.moreau@example.com,DevOps,0890779409,1978-01-23,Support,35466,2014-03-20
84,Hannah,Morel,hannah.morel@example.com,Chef de projet,0984116943,1964-08-26,Informatique,51892,2013-02-20
85,Hannah,Richard,hannah.richard@example.com,Développeur,0623172155,1976-08-15,Commercial,94668,2022-07-10
86,Zoé,Moreau,zoé.moreau@example.com,Administrateur réseau,0973137620,1996-10-25,Informatique,47697,2017-09-11
87,Julia,Robert,julia.robert@example.com,DevOps,0994075651,1977-01-06,Comptabilité,97891,2011-08-17
88,Nina,Richard,nina.richard@example.com,Analyste,0803349521,1969-09-15,Direction,54265,2016-12-20
89,George,Simon,george.simon@example.com,Analyste,0823051200,1973-02-03,Support,95586,2012-09-17
90,Hannah,Simon,hannah.simon@example.com,Data analyst,0681108031,1961-04-07,Ressources humaines,33347,2023-07-24
91,Xenia,Thomas,xenia.thomas@example.com,DevOps,0695901958,1977-02-09,Ressources humaines,67154,2011-12-27
92,Ethan,Dupont,ethan.dupont@example.com,Développeur,0846282938,1976-04-01,Commercial,57213,2021-04-25
93,Sam,Richard,sam.richard@example.com,Chef de projet,0712008392,1976-04-26,Support,77181,2018-02-17
94,Yann,Dupont,yann.dupont@example.com,Administrateur réseau,0765369743,2000-11-22,Informatique,95389,2010-07-24
95,Alice,Morel,alice.morel@example.com,Designer UX/UI,0990018830,1962-12-07,Marketing,46562,2017-03-22
96,Rita,Petit,rita.petit@example.com,DevOps,0689941875,1971-11-18,Direction,58161,2019-10-07
97,Diana,Roux,diana.roux@example.com,Designer UX/UI,0940906415,1971-10-17,Marketing,31911,2022-02-08
98,Rita,Laurent,rita.laurent@example.com,Chef de projet,0806674345,1981-06-11,Ressources humaines,78471,2010-05-22
99,Paula,Martin,paula.martin@example.com,Consultant sécurité,0988485823,1975-12-22,Comptabilité,53733,2012-01-20
100,Xenia,Garcia,xenia.garcia@example.com,Data analyst,0686320942,1994-05-04,Direction,47116,2012-09-11
101,Ethan,Durand,ethan.durand@example.com,Administrateur réseau,0893824973,1971-04-09,Support,62504,2019-12-10
102,Max,Fournier,max.fournier@example.com,Développeur,0875961561,1994-07-01,Marketing,28507,2011-02-26
103,Hannah,Roux,hannah.roux@example.com,Consultant sécurité,0856770020,1983-11-08,Informatique,64139,2024-02-29
104,Sam,Garcia,sam.garcia@example.com,DevOps,0903477740,1984-12-01,Support,32597,2019-03-27
105,Diana,Garcia,diana.garcia@example.com,Développeur,0824487591,1995-06-03,Marketing,95939,2024-03-03
106,Paula,Laurent,paula.laurent@example.com,Administrateur réseau,0618668178,1998-01-20,Informatique,50622,2022-01-26
107,Oscar,Bertrand,oscar.bertrand@example.com,Administrateur réseau,0871323898,1971-08-27,Ressources humaines,72051,2012-08-20
108,Max,Morel,max.morel@example.com,Data analyst,0776880617,1992-11-04,Informatique,38361,2020-07-05
109,George,Martin,george.martin@example.com,DevOps,0803774564,1973-04-13,Informatique,28059,2014-08-11
110,Rita,Petit,rita.petit@example.com,Administrateur réseau,0792124359,1996-01-20,Informatique,82421,2021-10-23
111,Ivan,Vincent,ivan.vincent@example.com,Designer UX/UI,0931944398,1991-12-30,Direction,41799,2015-08-01
112,Yann,Petit,yann.petit@example.com,Consultant sécurité,0940771155,1960-07-01,Marketing,93031,2014-06-25
113,Diana,Petit,diana.petit@example.com,Consultant sécurité,0699889647,1989-11-17,Marketing,42812,2016-06-25
114,Rita,Durand,rita.durand@example.com,Développeur,0900619250,1975-07-16,Support,88304,2013-03-09
115,Yann,Garcia,yann.garcia@example.com,Data engineer,0721841554,1976-10-02,Ressources humaines,44189,2011-12-12
116,Vera,Thomas,vera.thomas@example.com,Technicien système,0978890922,1990-07-07,Commercial,30929,2023-03-10
117,Nina,Thomas,nina.thomas@example.com,Analyste,0762759356,1989-04-13,Ressources humaines,51209,2023-11-12
118,Max,Thomas,max.thomas@example.com,Consultant sécurité,0828546576,1967-09-24,Comptabilité,74032,2011-01-24
119,Vera,Morel,vera.morel@example.com,Développeur,0648502915,1969-04-13,Direction,50310,2015-01-02
120,Kevin,Thomas,kevin.thomas@example.com,Data engineer,0863188360,1981-05-22,Direction,48898,2015-03-08
121,Quentin,Durand,quentin.durand@example.com,Analyste,0876179149,1981-11-01,Ressources humaines,88440,2020-02-07
122,Charlie,Bernard,charlie.bernard@example.com,Data engineer,0989144263,1988-09-13,Comptabilité,52852,2024-11-05
123,Rita,Simon,rita.simon@example.com,Designer UX/UI,0845308939,1961-07-17,Support,66265,2019-09-10
124,Alice,Durand,alice.durand@example.com,Administrateur réseau,0634259833,1977-03-04,Support,68370,2016-11-12
125,Zoé,Bernard,zoé.bernard@example.com,Data engineer,0798299415,1974-07-31,Informatique,47139,2023-07-30
126,Ethan,Dupont,ethan.dupont@example.com,Data engineer,0636664362,1991-12-07,Comptabilité,87012,2014-03-03
127,Ugo,Girard,ugo.girard@example.com,Analyste,0937735244,1997-10-29,Marketing,96131,2013-09-06
128,Tina,Garcia,tina.garcia@example.com,Administrateur réseau,0656783296,1990-10-10,Informatique,32668,2024-05-01
129,Diana,Garcia,diana.garcia@example.com,DevOps,0839651911,1987-12-24,Commercial,45061,2020-11-29
130,Alice,Simon,alice.simon@example.com,DevOps,0943457662,1989-09-05,Ressources humaines,51035,2017-10-30
131,Laura,Girard,laura.girard@example.com,Designer UX/UI,0714221148,1970-01-19,Comptabilité,46030,2022-11-30
132,Laura,Girard,laura.girard@example.com,Data analyst,0607533220,1972-12-17,Comptabilité,43580,2022-01-22
133,Hannah,Vincent,hannah.vincent@example.com,Administrateur réseau,0934520176,1986-06-17,Support,84873,2018-11-20
134,Nina,Morel,nina.morel@example.com,Chef de projet,0799242149,1970-05-10,Commercial,68782,2015-06-29
135,Charlie,Petit,charlie.petit@example.com,Administrateur réseau,0902195475,1988-10-05,Ressources humaines,62719,2010-05-08
136,Oscar,Fournier,oscar.fournier@example.com,Analyste,0665792544,1981-09-03,Marketing,53282,2020-03-07
137,Rita,Durand,rita.durand@example.com,DevOps,0646384603,1994-03-04,Support,93756,2023-07-21
138,Kevin,Vincent,kevin.vincent@example.com,Designer UX/UI,0759545802,1989-04-03,Informatique,50228,2011-08-08
139,Charlie,Roux,charlie.roux@example.com,Développeur,0859017724,1989-11-23,Informatique,79131,2017-11-02
140,Fiona,Morel,fiona.morel@example.com,Data analyst,0937089339,1990-08-14,Support,34039,2019-03-23
141,Yann,Vincent,yann.vincent@example.com,Chef de projet,0960337879,1996-07-12,Comptabilité,96043,2023-01-21
142,Max,David,max.david@example.com,DevOps,0735323247,2000-08-02,Marketing,62383,2022-02-17
143,Hannah,Moreau,hannah.moreau@example.com,Data engineer,0806816939,1995-07-11,Commercial,57786,2022-03-27
144,Xenia,Fournier,xenia.fournier@example.com,Data analyst,0830909568,1992-07-09,Commercial,39104,2019-01-15
145,Alice,Simon,alice.simon@example.com,Analyste,0621111447,1961-03-03,Direction,97892,2023-04-09
146,Paula,Girard,paula.girard@example.com,Data engineer,0879696141,1995-07-21,Marketing,86943,2015-05-27
147,Alice,Vincent,alice.vincent@example.com,Data analyst,0763111130,1960-03-27,Informatique,28828,2017-12-09
148,Nina,Moreau,nina.moreau@example.com,Administrateur réseau,0640827175,1982-07-03,Direction,74057,2013-12-30
149,Hannah,Girard,hannah.girard@example.com,Data analyst,0641463379,1998-12-17,Informatique,68273,2023-10-29
150,Yann,Bernard,yann.bernard@example.com,Analyste,0741308552,1997-04-20,Direction,63705,2019-07-21
151,Fiona,Durand,fiona.durand@example.com,Data analyst,0919900392,1986-08-05,Commercial,37280,2012-03-14
152,Alice,Girard,alice.girard@example.com,Data engineer,0989505025,1991-10-16,Informatique,96289,2017-11-02
153,Nina,Morel,nina.morel@example.com,Designer UX/UI,0805004160,1962-12-15,Informatique,77841,2021-03-07
154,Alice,Morel,alice.morel@example.com,Data analyst,0819986895,1970-06-01,Comptabilité,78331,2012-10-07
155,Kevin,Thomas,kevin.thomas@example.com,Designer UX/UI,0782364598,1971-02-08,Support,35144,2014-09-13
156,Tina,Garcia,tina.garcia@example.com,Développeur,0834965134,1997-07-30,Informatique,90364,2016-07-16
157,Laura,Garcia,laura.garcia@example.com,Designer UX/UI,0790785657,1983-06-13,Support,41260,2011-12-10
158,Laura,David,laura.david@example.com,DevOps,0804070471,1985-04-18,Marketing,79534,2014-05-21
159,Charlie,Girard,charlie.girard@example.com,Designer UX/UI,0753721571,1993-08-08,Ressources humaines,57558,2022-03-17
160,Oscar,Garcia,oscar.garcia@example.com,Data analyst,0706524806,1988-09-08,Direction,50977,2020-12-17
161,Diana,Martin,diana.martin@example.com,Technicien système,0890849806,1998-03-31,Commercial,96381,2021-10-14
162,Will,Roux,will.roux@example.com,Analyste,0947053586,1995-09-04,Marketing,51646,2019-02-05
163,Xenia,Girard,xenia.girard@example.com,Designer UX/UI,0687622041,1971-10-20,Informatique,79109,2016-10-21
164,Charlie,Girard,charlie.girard@example.com,Analyste,0631593262,1960-02-20,Informatique,48763,2023-07-22
165,Fiona,Petit,fiona.petit@example.com,DevOps,0986546995,1963-04-22,Informatique,51042,2020-05-04
166,Kevin,Bertrand,kevin.bertrand@example.com,Développeur,0706821296,1989-11-20,Ressources humaines,51173,2024-02-28
167,Yann,Morel,yann.morel@example.com,Analyste,0911829723,1982-02-10,Ressources humaines,90173,2010-11-15
168,Alice,Bertrand,alice.bertrand@example.com,Designer UX/UI,0923749728,1985-02-10,Informatique,84663,2012-02-26
169,Ethan,Dupont,ethan.dupont@example.com,Data analyst,0973298697,1989-12-22,Marketing,46483,2019-06-10
170,Bob,Dupont,bob.dupont@example.com,Technicien système,0618683542,1976-05-09,Ressources humaines,98782,2021-08-16
171,Hannah,Vincent,hannah.vincent@example.com,Technicien système,0704431240,1984-08-15,Direction,43700,2022-08-02
172,Zoé,Girard,zoé.girard@example.com,DevOps,0735001538,1992-08-26,Support,72941,2021-02-23
173,Ethan,Martin,ethan.martin@example.com,Data engineer,0993284251,1972-04-29,Informatique,29163,2021-11-05
174,Rita,Fournier,rita.fournier@example.com,Data engineer,0803266913,1974-12-15,Informatique,74169,2014-01-18
175,Yann,Vincent,yann.vincent@example.com,Administrateur réseau,0961705478,1967-08-04,Informatique,53981,2021-02-18
176,Will,Richard,will.richard@example.com,Administrateur réseau,0908980469,1966-01-17,Commercial,33179,2012-04-28
177,Diana,Roux,diana.roux@example.com,Chef de projet,0952134895,1978-06-05,Commercial,94723,2011-05-15
178,Vera,Garcia,vera.garcia@example.com,Technicien système,0713598628,1962-12-04,Comptabilité,90134,2015-01-30
179,Laura,Martin,laura.martin@example.com,Développeur,0974360413,1990-02-27,Support,44251,2023-07-02
180,Vera,Morel,vera.morel@example.com,Designer UX/UI,0822835578,1991-11-28,Direction,47894,2016-05-16
181,Fiona,Fournier,fiona.fournier@example.com,Développeur,0784610445,1982-02-11,Commercial,79250,2021-02-19
182,Alice,Petit,alice.petit@example.com,Administrateur réseau,0733127164,1968-06-26,Support,35894,2015-10-19
183,Ivan,Roux,ivan.roux@example.com,Data analyst,0716023370,1988-08-09,Informatique,76408,2014-11-15
184,Oscar,Martin,oscar.martin@example.com,Data engineer,0613173840,1994-04-18,Direction,71875,2024-05-31
185,Fiona,Bertrand,fiona.bertrand@example.com,Technicien système,0881140480,1991-10-09,Direction,37629,2010-12-11
186,Xenia,David,xenia.david@example.com,Data engineer,0993038423,1989-05-06,Comptabilité,89288,2020-06-27
187,Tina,Girard,tina.girard@example.com,Développeur,0777791094,1968-05-09,Direction,77262,2016-07-07
188,Fiona,Laurent,fiona.laurent@example.com,Technicien système,0711930511,1991-02-25,Support,56278,2024-02-24
189,Xenia,Simon,xenia.simon@example.com,Data engineer,0750613281,1980-09-19,Commercial,90411,2018-04-19
190,Charlie,Robert,charlie.robert@example.com,Développeur,0983914026,1976-01-10,Ressources humaines,56706,2018-09-16
191,Bob,Richard,bob.richard@example.com,Designer UX/UI,0697210259,1964-12-17,Commercial,67255,2015-10-16
192,Diana,Thomas,diana.thomas@example.com,Administrateur réseau,0621993907,1971-01-23,Direction,93998,2015-05-05
193,George,Martin,george.martin@example.com,Designer UX/UI,0943924496,1984-11-05,Informatique,89770,2022-10-21
194,Kevin,Girard,kevin.girard@example.com,Consultant sécurité,0978737198,1966-10-06,Comptabilité,81073,2011-05-30
195,Julia,Bertrand,julia.bertrand@example.com,Administrateur réseau,0667052080,1963-11-05,Commercial,75896,2021-10-11
196,Hannah,Laurent,hannah.laurent@example.com,Data engineer,0978719668,1991-04-12,Informatique,63727,2011-01-17
197,Laura,Garcia,laura.garcia@example.com,Chef de projet,0995594810,1999-07-03,Comptabilité,91118,2024-11-28
198,Alice,Dupont,alice.dupont@example.com,Analyste,0838804623,1995-01-11,Direction,95923,2020-03-08
199,Will,Fournier,will.fournier@example.com,Consultant sécurité,0961096464,1984-06-20,Marketing,28756,2014-10-30
200,Hannah,Thomas,hannah.thomas@example.com,Consultant sécurité,0670350829,1998-11-25,Comptabilité,83266,2016-05-16
201,Ugo,Moreau,ugo.moreau@example.com,Technicien système,0971781338,1980-07-20,Ressources humaines,79106,2012-02-19
202,Oscar,Moreau,oscar.moreau@example.com,Data engineer,0613206389,1969-01-22,Informatique,50238,2020-04-08
203,Fiona,Petit,fiona.petit@example.com,Administrateur réseau,0991576064,1972-12-21,Comptabilité,35729,2012-08-04
204,Zoé,Bertrand,zoé.bertrand@example.com,Technicien système,0790027138,1969-08-07,Direction,51839,2024-12-23
205,Charlie,Martin,charlie.martin@example.com,Analyste,0943396935,1984-08-23,Direction,69849,2013-11-18
206,Yann,Martin,yann.martin@example.com,Technicien système,0628524264,2000-03-29,Informatique,39933,2023-06-10
207,Quentin,Durand,quentin.durand@example.com,DevOps,0703810023,1999-10-23,Direction,42387,2018-07-12
208,Nina,Morel,nina.morel@example.com,Développeur,0715478167,1981-04-15,Direction,94095,2015-03-04
209,Ugo,Richard,ugo.richard@example.com,DevOps,0797792528,1969-10-22,Comptabilité,51623,2014-05-16
210,Ugo,Simon,ugo.simon@example.com,Data engineer,0864247353,1965-04-09,Comptabilité,70159,2011-10-23
211,Fiona,Garcia,fiona.garcia@example.com,Designer UX/UI,0835750657,1972-07-14,Marketing,82613,2018-10-25
212,Diana,Michel,diana.michel@example.com,Chef de projet,0966073955,1966-02-10,Commercial,89602,2012-01-01
213,Rita,David,rita.david@example.com,Data analyst,0602613461,1978-01-24,Support,99288,2016-12-30
214,Bob,Laurent,bob.laurent@example.com,Chef de projet,0660587146,1994-07-07,Comptabilité,56874,2023-05-25
215,Kevin,Morel,kevin.morel@example.com,Consultant sécurité,0740196679,1960-10-14,Support,58932,2013-08-22
216,Max,Morel,max.morel@example.com,Analyste,0914107866,1963-06-06,Ressources humaines,68583,2015-02-13
217,Julia,Vincent,julia.vincent@example.com,Data analyst,0955986443,1979-01-03,Support,80131,2011-04-23
218,Kevin,David,kevin.david@example.com,Designer UX/UI,0674064404,1978-10-09,Ressources humaines,84241,2018-01-03
219,Ethan,Garcia,ethan.garcia@example.com,Data analyst,0688311262,1998-10-02,Ressources humaines,96301,2016-01-17
220,Rita,Durand,rita.durand@example.com,Designer UX/UI,0842249650,1970-01-24,Direction,94060,2021-12-04
221,Bob,Bertrand,bob.bertrand@example.com,Analyste,0736906459,1975-11-14,Direction,94539,2014-02-20
222,Ethan,Dupont,ethan.dupont@example.com,Consultant sécurité,0670868014,1987-05-26,Comptabilité,58152,2022-08-27
223,Zoé,Dupont,zoé.dupont@example.com,Chef de projet,0727255222,1973-08-09,Informatique,49895,2020-03-25
224,Will,Dupont,will.dupont@example.com,Data engineer,0994957853,1965-04-29,Marketing,54818,2016-08-11
225,Zoé,David,zoé.david@example.com,Développeur,0965193904,1981-07-22,Ressources humaines,28286,2014-04-19
226,Yann,Laurent,yann.laurent@example.com,DevOps,0688993663,1980-03-02,Direction,50132,2021-11-27
227,Charlie,Michel,charlie.michel@example.com,Data engineer,0892795293,1971-11-20,Comptabilité,42493,2012-01-13
228,Paula,Richard,paula.richard@example.com,Data engineer,0686887504,1967-09-11,Commercial,57014,2018-03-01
229,Vera,Simon,vera.simon@example.com,Data analyst,0761038730,1975-05-04,Informatique,53004,2021-04-22
230,George,Thomas,george.thomas@example.com,Technicien système,0948520690,1980-03-02,Direction,60838,2015-01-01
231,Vera,Morel,vera.morel@example.com,Consultant sécurité,0867696738,1980-06-11,Support,39001,2021-10-23
232,Yann,Thomas,yann.thomas@example.com,Développeur,0945122094,1978-03-30,Ressources humaines,30220,2016-03-20
233,Bob,Morel,bob.morel@example.com,Analyste,0686654835,1990-10-19,Direction,61181,2019-04-30
234,Julia,Simon,julia.simon@example.com,Designer UX/UI,0979080253,1993-09-06,Ressources humaines,34970,2017-02-14
235,Zoé,Durand,zoé.durand@example.com,Technicien système,0687448187,1979-06-14,Ressources humaines,46348,2015-06-23
236,Rita,Morel,rita.morel@example.com,DevOps,0727395363,1988-05-17,Informatique,56758,2018-11-02
237,Fiona,Thomas,fiona.thomas@example.com,Data analyst,0940745163,1989-04-18,Direction,73603,2015-07-10
238,Paula,Dupont,paula.dupont@example.com,Data analyst,0962956528,1966-02-03,Ressources humaines,95460,2022-08-14
239,Ivan,David,ivan.david@example.com,Data analyst,0690117950,1971-05-29,Direction,92721,2011-11-27
240,Bob,Girard,bob.girard@example.com,DevOps,0810099249,1990-04-08,Ressources humaines,56298,2016-05-22
241,Tina,Vincent,tina.vincent@example.com,Data analyst,0749714299,1968-11-22,Ressources humaines,82527,2018-02-10
242,Bob,Richard,bob.richard@example.com,Analyste,0864875537,1964-02-26,Comptabilité,67241,2015-06-22
243,Zoé,Martin,zoé.martin@example.com,Designer UX/UI,0719514794,1971-06-24,Support,86553,2020-01-20
244,George,Roux,george.roux@example.com,DevOps,0923048817,1973-07-06,Direction,91098,2011-07-23
245,Ethan,Bernard,ethan.bernard@example.com,Consultant sécurité,0614617916,1963-04-05,Support,44306,2014-08-10
246,Xenia,Morel,xenia.morel@example.com,DevOps,0871386366,2000-12-10,Direction,76692,2016-11-29
247,Kevin,Thomas,kevin.thomas@example.com,Consultant sécurité,0785445164,1965-12-09,Commercial,54638,2021-10-19
248,Julia,Dupont,julia.dupont@example.com,Chef de projet,0847893029,1979-03-08,Marketing,36818,2013-06-06
249,Ugo,Garcia,ugo.garcia@example.com,Data analyst,0728970099,1999-07-07,Commercial,52592,2019-01-11
250,Fiona,Fournier,fiona.fournier@example.com,Designer UX/UI,0875473307,1967-12-20,Support,34562,2024-06-25
251,Zoé,Girard,zoé.girard@example.com,DevOps,0620986897,1977-07-26,Informatique,62974,2019-06-08
252,Will,Garcia,will.garcia@example.com,Designer UX/UI,0625120647,1964-04-25,Comptabilité,69781,2013-05-09
253,Fiona,Laurent,fiona.laurent@example.com,Administrateur réseau,0654383192,1972-06-20,Informatique,69506,2018-07-26
254,Alice,Girard,alice.girard@example.com,Data engineer,0621773843,1965-10-15,Support,39492,2020-05-03
255,Zoé,Simon,zoé.simon@example.com,Administrateur réseau,0668536464,1969-08-14,Commercial,68829,2012-08-07
256,Laura,Durand,laura.durand@example.com,DevOps,0819080448,1983-06-19,Marketing,35586,2022-03-05
257,Bob,Dupont,bob.dupont@example.com,DevOps,0955670600,1987-07-01,Comptabilité,30477,2023-08-06
258,Hannah,Martin,hannah.martin@example.com,Data analyst,0939232307,1985-03-02,Commercial,86959,2022-01-17
259,Ivan,Simon,ivan.simon@example.com,Designer UX/UI,0886169644,1993-03-01,Comptabilité,58140,2010-04-17
260,Sam,Fournier,sam.fournier@example.com,Consultant sécurité,0650555563,1982-02-08,Marketing,96180,2016-07-19
261,Xenia,Robert,xenia.robert@example.com,Administrateur réseau,0862083788,1991-11-23,Marketing,90984,2010-09-05
262,Julia,David,julia.david@example.com,Analyste,0649069116,1969-07-13,Comptabilité,87752,2014-08-07
263,Will,Michel,will.michel@example.com,Data engineer,0998439216,1986-11-04,Support,30577,2016-04-03
264,Alice,Vincent,alice.vincent@example.com,Designer UX/UI,0959797408,1998-12-31,Comptabilité,48411,2019-05-23
265,Hannah,Moreau,hannah.moreau@example.com,Analyste,0717715143,1961-02-25,Informatique,57957,2022-12-05
266,Rita,Bernard,rita.bernard@example.com,Administrateur réseau,0952965795,1974-07-21,Comptabilité,68341,2018-08-23
267,Tina,Thomas,tina.thomas@example.com,Data analyst,0992143303,1965-03-11,Comptabilité,59610,2016-04-26
268,Kevin,Vincent,kevin.vincent@example.com,Data engineer,0611230647,1975-07-24,Support,32538,2018-05-10
269,Hannah,Richard,hannah.richard@example.com,DevOps,0949261821,1990-05-05,Ressources humaines,85563,2010-01-29
270,George,Durand,george.durand@example.com,DevOps,0910272707,1971-06-04,Informatique,46288,2017-09-12
271,Alice,Petit,alice.petit@example.com,Analyste,0979275255,1983-09-30,Support,98830,2011-01-30
272,Hannah,Petit,hannah.petit@example.com,Consultant sécurité,0815866184,1979-01-26,Support,31711,2022-05-22
273,Max,Richard,max.richard@example.com,Chef de projet,0657238165,1999-12-24,Commercial,90538,2021-09-13
274,Diana,David,diana.david@example.com,Data analyst,0912048125,1966-08-21,Ressources humaines,50393,2018-12-15
275,Max,Vincent,max.vincent@example.com,Technicien système,0621087960,1976-10-02,Support,68778,2013-06-11
276,Julia,Richard,julia.richard@example.com,Analyste,0839444139,1965-07-20,Informatique,31043,2017-05-30
277,Hannah,Martin,hannah.martin@example.com,Data engineer,0751983313,1967-07-15,Support,31334,2020-04-26
278,Julia,David,julia.david@example.com,Analyste,0673939648,1975-03-28,Support,47239,2024-01-22
279,Alice,Thomas,alice.thomas@example.com,Chef de projet,0786062068,1971-08-06,Marketing,47259,2016-02-17
280,Julia,Laurent,julia.laurent@example.com,Chef de projet,0877673296,1986-11-15,Informatique,64246,2016-09-25
281,Rita,David,rita.david@example.com,Administrateur réseau,0719531319,1966-06-17,Marketing,64867,2010-04-27
282,Charlie,David,charlie.david@example.com,Consultant sécurité,0600246115,1995-08-17,Support,43259,2011-05-08
283,Xenia,Robert,xenia.robert@example.com,Administrateur réseau,0821175258,1976-10-07,Support,77614,2011-09-10
284,Will,Simon,will.simon@example.com,Consultant sécurité,0863443440,1970-06-07,Informatique,32457,2016-05-29
285,Paula,Girard,paula.girard@example.com,Technicien système,0639136679,1969-03-02,Marketing,38899,2018-11-20
286,Julia,Laurent,julia.laurent@example.com,Administrateur réseau,0788847799,1972-06-07,Marketing,87273,2019-07-27
287,Ivan,Roux,ivan.roux@example.com,Chef de projet,0695682850,1990-04-09,Direction,67060,2019-08-02
288,Vera,David,vera.david@example.com,DevOps,0968117838,1965-11-14,Ressources humaines,51999,2016-10-03
289,Laura,Thomas,laura.thomas@example.com,Technicien système,0692354496,1962-10-02,Informatique,44498,2012-02-07
290,Rita,Martin,rita.martin@example.com,Data analyst,0670052234,1984-01-10,Commercial,60003,2016-11-03
291,Julia,Thomas,julia.thomas@example.com,Analyste,0992487315,1964-11-06,Support,34206,2019-04-24
292,Fiona,Simon,fiona.simon@example.com,Designer UX/UI,0982824333,1966-03-12,Support,64336,2024-12-26
293,Vera,Petit,vera.petit@example.com,Analyste,0847334658,1982-10-30,Direction,40828,2015-06-30
294,Oscar,Richard,oscar.richard@example.com,Designer UX/UI,0893860355,1962-11-03,Support,63838,2012-02-26
295,Laura,Simon,laura.simon@example.com,Data analyst,0953424186,1963-01-10,Marketing,38457,2023-01-26
296,Charlie,Vincent,charlie.vincent@example.com,Data engineer,0696371059,1980-11-19,Comptabilité,47262,2016-01-19
297,Charlie,Martin,charlie.martin@example.com,Data analyst,0880676092,1960-05-27,Ressources humaines,37345,2011-10-29
298,Hannah,Garcia,hannah.garcia@example.com,Chef de projet,0688502527,1963-11-28,Ressources humaines,47031,2011-06-23
299,Julia,Morel,julia.morel@example.com,Technicien système,0731840371,1971-11-20,Direction,99377,2024-01-18
300,Julia,Durand,julia.durand@example.com,Analyste,0634677271,1961-07-13,Support,92462,2010-07-12
301,Max,Garcia,max.garcia@example.com,Data analyst,0985944877,1974-05-05,Informatique,73947,2012-09-21
302,Bob,Robert,bob.robert@example.com,Analyste,0662284576,1997-11-11,Support,83878,2023-03-11
303,Hannah,Moreau,hannah.moreau@example.com,DevOps,0743097105,1996-08-30,Comptabilité,83928,2018-06-25
304,Vera,Durand,vera.durand@example.com,DevOps,0702321755,1974-06-29,Support,86839,2020-03-26
305,Diana,Thomas,diana.thomas@example.com,Data analyst,0844708458,1968-06-20,Direction,53531,2014-06-22
306,Vera,Durand,vera.durand@example.com,Data engineer,0989499277,1960-03-09,Ressources humaines,48908,2023-07-08
307,Alice,Morel,alice.morel@example.com,Analyste,0834462462,1995-08-10,Direction,80870,2011-07-27
308,Bob,Bernard,bob.bernard@example.com,Data engineer,0849167103,1982-08-04,Informatique,39489,2019-11-24
309,Hannah,Richard,hannah.richard@example.com,Analyste,0763937393,1974-04-04,Marketing,53030,2014-04-08
310,Diana,Bernard,diana.bernard@example.com,Développeur,0684256178,1968-01-04,Ressources humaines,74684,2010-06-16
311,Max,Martin,max.martin@example.com,Administrateur réseau,0878552970,1971-04-30,Marketing,66120,2022-05-01
312,Xenia,Petit,xenia.petit@example.com,DevOps,0966756439,1985-05-29,Informatique,71970,2020-04-10
313,Diana,Morel,diana.morel@example.com,Analyste,0752209846,1976-08-13,Comptabilité,52357,2019-04-07
314,Paula,Robert,paula.robert@example.com,Consultant sécurité,0966867656,1970-06-12,Informatique,63960,2015-11-15
315,Will,Michel,will.michel@example.com,Data engineer,0650028078,1974-07-22,Marketing,65464,2016-09-11
316,Oscar,David,oscar.david@example.com,Data engineer,0656114670,1977-12-05,Support,49704,2019-09-28
317,Nina,Vincent,nina.vincent@example.com,Consultant sécurité,0666523806,1992-10-24,Commercial,72284,2011-06-12
318,Rita,Fournier,rita.fournier@example.com,Data analyst,0698932938,2000-11-03,Marketing,60954,2015-07-17
319,Julia,Morel,julia.morel@example.com,Designer UX/UI,0752302798,2000-02-14,Comptabilité,46172,2013-10-15
320,Charlie,Morel,charlie.morel@example.com,Data engineer,0757284306,1981-02-04,Direction,28104,2017-03-13
321,Diana,Roux,diana.roux@example.com,Analyste,0696423277,1975-02-10,Informatique,29818,2022-12-04
322,Nina,Vincent,nina.vincent@example.com,Chef de projet,0902203132,1972-06-11,Direction,88139,2020-07-13
323,Vera,Laurent,vera.laurent@example.com,Technicien système,0695641448,1961-03-22,Comptabilité,76765,2021-12-19
324,Kevin,Moreau,kevin.moreau@example.com,Consultant sécurité,0670058658,1994-07-22,Support,82810,2014-09-12
325,Charlie,Roux,charlie.roux@example.com,Technicien système,0731541960,1980-08-31,Support,55171,2011-01-28
326,Hannah,Durand,hannah.durand@example.com,Consultant sécurité,0799676211,1966-01-23,Direction,36743,2011-08-12
327,Paula,Fournier,paula.fournier@example.com,Consultant sécurité,0634731294,2000-06-09,Support,93068,2017-08-20
328,Ivan,Michel,ivan.michel@example.com,Consultant sécurité,0872273153,1993-07-29,Informatique,86679,2015-01-15
329,Will,Garcia,will.garcia@example.com,Chef de projet,0811778547,1974-01-01,Marketing,95654,2010-10-04
330,Quentin,Michel,quentin.michel@example.com,Data engineer,0726063191,1975-07-19,Comptabilité,32694,2022-06-01
331,Oscar,Petit,oscar.petit@example.com,Consultant sécurité,0901741752,1966-02-28,Comptabilité,52009,2021-10-30
332,Ivan,Roux,ivan.roux@example.com,Data engineer,0662301327,2000-05-01,Direction,70772,2016-11-30
333,Laura,Martin,laura.martin@example.com,Administrateur réseau,0951047156,1994-06-19,Direction,63118,2015-04-30
334,Kevin,Richard,kevin.richard@example.com,Développeur,0964810306,1984-08-21,Comptabilité,46289,2022-09-02
335,Zoé,Bernard,zoé.bernard@example.com,Data analyst,0950578069,1984-11-18,Support,90067,2023-06-13
336,Vera,Girard,vera.girard@example.com,Data engineer,0619094255,1987-12-19,Informatique,98931,2010-04-12
337,Kevin,Martin,kevin.martin@example.com,DevOps,0761310083,1978-09-04,Commercial,62371,2016-02-10
338,Quentin,Martin,quentin.martin@example.com,Consultant sécurité,0769006951,1984-06-09,Ressources humaines,58998,2023-03-16
339,Rita,Thomas,rita.thomas@example.com,DevOps,0992137681,1978-10-30,Informatique,47687,2015-01-04
340,Rita,Thomas,rita.thomas@example.com,Data engineer,0901775005,1991-12-14,Informatique,70854,2020-05-12
341,Ethan,Garcia,ethan.garcia@example.com,Chef de projet,0638132886,1963-08-23,Comptabilité,30913,2010-05-04
342,Will,David,will.david@example.com,Data engineer,0745800377,1985-03-12,Comptabilité,73214,2016-04-30
343,Xenia,Petit,xenia.petit@example.com,Data engineer,0820383537,1984-05-20,Ressources humaines,50877,2018-10-28
344,Laura,Durand,laura.durand@example.com,Développeur,0746634873,1964-01-28,Ressources humaines,82991,2019-05-15
345,Sam,Laurent,sam.laurent@example.com,Développeur,0728459251,1961-01-24,Support,97998,2019-04-11
346,Rita,Laurent,rita.laurent@example.com,Data analyst,0900588401,1987-05-29,Support,59304,2011-06-20
347,Alice,Bertrand,alice.bertrand@example.com,Analyste,0801104277,1960-02-29,Marketing,57119,2016-05-15
348,George,Simon,george.simon@example.com,Data engineer,0718273895,1975-02-13,Direction,29880,2023-10-10
349,Paula,Fournier,paula.fournier@example.com,Data engineer,0715496964,1985-04-01,Ressources humaines,83561,2018-05-30
350,Hannah,Petit,hannah.petit@example.com,Développeur,0939478012,1961-06-11,Marketing,54869,2012-10-26
351,Laura,Richard,laura.richard@example.com,Consultant sécurité,0623826962,1966-11-09,Direction,56179,2014-05-23
352,Hannah,Laurent,hannah.laurent@example.com,DevOps,0729543068,1999-05-02,Direction,57531,2016-02-19
353,Julia,Roux,julia.roux@example.com,Designer UX/UI,0671643459,1967-01-05,Support,36082,2021-09-28
354,Hannah,Thomas,hannah.thomas@example.com,Développeur,0648329979,1996-06-09,Commercial,78864,2017-03-27
355,Nina,Robert,nina.robert@example.com,Développeur,0913137986,1990-01-26,Marketing,34834,2017-05-12
356,Xenia,Durand,xenia.durand@example.com,Consultant sécurité,0665147341,1962-04-06,Comptabilité,39207,2014-07-19
357,Tina,Girard,tina.girard@example.com,Designer UX/UI,0729659561,1967-11-20,Comptabilité,57748,2015-08-15
358,Yann,Bertrand,yann.bertrand@example.com,Data engineer,0722623848,1980-05-24,Ressources humaines,94970,2024-06-26
359,Ivan,Laurent,ivan.laurent@example.com,Analyste,0963610991,1999-06-14,Support,48365,2021-03-16
360,Hannah,Thomas,hannah.thomas@example.com,Designer UX/UI,0719520605,1987-10-06,Commercial,85186,2010-08-28
361,Max,Fournier,max.fournier@example.com,Chef de projet,0886387504,1978-11-27,Commercial,29715,2015-09-14
362,Quentin,Simon,quentin.simon@example.com,Chef de projet,0634371629,1988-01-23,Ressources humaines,99046,2011-04-30
363,Tina,Robert,tina.robert@example.com,Data analyst,0702857826,1969-10-17,Informatique,96368,2021-12-07
364,Ivan,Vincent,ivan.vincent@example.com,Designer UX/UI,0909279809,1998-03-30,Support,72990,2016-05-09
365,Alice,Dupont,alice.dupont@example.com,Designer UX/UI,0927603641,1970-11-26,Comptabilité,67743,2010-05-31
366,Yann,David,yann.david@example.com,Data engineer,0987312752,1974-07-03,Support,59371,2023-05-06
367,Ugo,Durand,ugo.durand@example.com,Designer UX/UI,0826319520,1967-09-21,Ressources humaines,46879,2022-04-15
368,Kevin,Vincent,kevin.vincent@example.com,DevOps,0796083805,1966-03-28,Marketing,48075,2017-03-03
369,Zoé,Morel,zoé.morel@example.com,Designer UX/UI,0810142171,1997-07-30,Comptabilité,90287,2010-09-19
370,Ugo,Michel,ugo.michel@example.com,Data analyst,0719155034,1991-08-01,Ressources humaines,94146,2010-10-09
371,Hannah,Laurent,hannah.laurent@example.com,Designer UX/UI,0882947329,2000-03-02,Informatique,67164,2011-02-08
372,Max,Martin,max.martin@example.com,Chef de projet,0999404710,1994-10-24,Direction,74296,2022-05-04
373,George,Girard,george.girard@example.com,Chef de projet,0831250012,1993-10-17,Support,43343,2018-08-01
374,Sam,Robert,sam.robert@example.com,Analyste,0935256758,1960-10-06,Comptabilité,29223,2021-03-02
375,Max,Laurent,max.laurent@example.com,DevOps,0822957604,1978-12-28,Informatique,82313,2011-09-17
376,George,Roux,george.roux@example.com,DevOps,0928607785,1988-11-06,Commercial,44710,2017-05-15
377,Paula,Dupont,paula.dupont@example.com,DevOps,0917479472,1983-01-20,Marketing,52238,2010-03-16
378,Hannah,Moreau,hannah.moreau@example.com,Consultant sécurité,0657823752,1986-09-15,Ressources humaines,98961,2012-09-18
379,Max,Richard,max.richard@example.com,Data engineer,0854052042,1967-09-03,Support,38891,2024-06-05
380,Bob,Fournier,bob.fournier@example.com,Administrateur réseau,0818841166,1961-04-30,Informatique,98164,2013-11-12
381,Hannah,Dupont,hannah.dupont@example.com,Développeur,0794637699,1998-01-10,Comptabilité,48344,2014-11-02
382,Fiona,Thomas,fiona.thomas@example.com,Technicien système,0690301859,1982-07-16,Commercial,43234,2011-09-08
383,Charlie,Vincent,charlie.vincent@example.com,Designer UX/UI,0905810763,1972-07-20,Comptabilité,68235,2014-09-03
384,Charlie,Michel,charlie.michel@example.com,Data engineer,0767658449,1988-01-09,Ressources humaines,31513,2024-02-11
385,Vera,Michel,vera.michel@example.com,Data engineer,0939811330,1973-03-20,Ressources humaines,66789,2018-10-06
386,Ugo,Richard,ugo.richard@example.com,Consultant sécurité,0855727637,1977-11-21,Comptabilité,43938,2018-08-09
387,Ivan,Thomas,ivan.thomas@example.com,Technicien système,0887366373,1973-08-20,Support,55040,2022-03-05
388,Quentin,Richard,quentin.richard@example.com,Data engineer,0970917166,1982-01-04,Direction,29464,2022-05-04
389,Vera,Moreau,vera.moreau@example.com,Designer UX/UI,0711279751,1965-11-17,Commercial,32823,2022-10-06
390,Xenia,Thomas,xenia.thomas@example.com,Data analyst,0720413141,1966-04-25,Commercial,65441,2010-06-04
391,Vera,Moreau,vera.moreau@example.com,Chef de projet,0976718449,1987-01-09,Ressources humaines,28870,2014-03-11
392,Paula,Bertrand,paula.bertrand@example.com,Analyste,0646361778,1982-01-07,Commercial,41116,2023-05-26
393,Charlie,Simon,charlie.simon@example.com,Chef de projet,0623208828,1999-03-31,Comptabilité,97068,2017-12-01
394,Kevin,Bernard,kevin.bernard@example.com,Chef de projet,0703882764,1960-06-22,Support,57783,2011-03-01
395,Kevin,Girard,kevin.girard@example.com,Analyste,0929064010,1976-01-28,Comptabilité,70570,2024-05-29
396,Yann,Moreau,yann.moreau@example.com,Développeur,0865775621,1969-12-24,Commercial,70701,2022-08-17
397,Ugo,Petit,ugo.petit@example.com,Administrateur réseau,0678269987,1998-07-02,Marketing,53954,2012-09-29
398,Paula,Martin,paula.martin@example.com,Data engineer,0916468458,1991-01-27,Comptabilité,28408,2017-08-26
399,Will,Durand,will.durand@example.com,Designer UX/UI,0926589968,1972-07-22,Marketing,32294,2012-06-29
400,Oscar,Garcia,oscar.garcia@example.com,Technicien système,0690813237,1974-11-02,Support,75045,2010-03-01
401,Paula,Roux,paula.roux@example.com,Consultant sécurité,0917337402,1979-12-24,Ressources humaines,42718,2016-04-05
402,Laura,Martin,laura.martin@example.com,Technicien système,0680450081,1987-02-26,Comptabilité,44762,2014-07-04
403,Nina,Laurent,nina.laurent@example.com,Chef de projet,0623850523,1991-11-26,Ressources humaines,54750,2014-02-04
404,Quentin,Bertrand,quentin.bertrand@example.com,Développeur,0600420604,1967-07-01,Informatique,56894,2013-04-21
405,Max,Morel,max.morel@example.com,Data analyst,0853818685,1993-01-04,Direction,33116,2018-02-18
406,Xenia,Moreau,xenia.moreau@example.com,Technicien système,0631519805,1962-11-02,Marketing,95020,2011-12-28
407,Oscar,Garcia,oscar.garcia@example.com,Analyste,0736147244,1992-06-02,Commercial,71616,2010-02-26
408,Will,Roux,will.roux@example.com,Consultant sécurité,0936573927,1989-11-08,Ressources humaines,73764,2012-12-20
409,Oscar,David,oscar.david@example.com,Designer UX/UI,0695166740,1993-10-26,Marketing,83129,2010-10-23
410,Quentin,Garcia,quentin.garcia@example.com,Consultant sécurité,0831246115,1965-10-03,Comptabilité,38482,2019-05-22
411,Ugo,Fournier,ugo.fournier@example.com,Chef de projet,0746759301,1990-05-08,Comptabilité,45383,2010-03-05
412,Ivan,Garcia,ivan.garcia@example.com,Data engineer,0749650742,1965-05-13,Ressources humaines,91559,2010-11-06
413,Nina,Petit,nina.petit@example.com,Technicien système,0887999858,1998-10-25,Support,34449,2011-01-21
414,Ethan,Durand,ethan.durand@example.com,Designer UX/UI,0692066087,1970-11-21,Direction,73694,2015-05-17
415,Tina,Garcia,tina.garcia@example.com,Chef de projet,0747701638,1984-04-08,Ressources humaines,55141,2020-04-15
416,Quentin,Moreau,quentin.moreau@example.com,Technicien système,0997478038,1979-12-10,Comptabilité,38201,2018-11-06
417,Fiona,David,fiona.david@example.com,Data engineer,0604272163,1974-07-03,Comptabilité,81872,2015-06-07
418,Quentin,Michel,quentin.michel@example.com,Data analyst,0727044493,1997-10-27,Informatique,78183,2010-06-24
419,Oscar,Richard,oscar.richard@example.com,Data analyst,0946225376,1968-01-16,Direction,59637,2024-07-15
420,Charlie,Michel,charlie.michel@example.com,Consultant sécurité,0897316832,1966-09-24,Informatique,83866,2016-02-20
421,Xenia,Martin,xenia.martin@example.com,Administrateur réseau,0625474721,1969-12-26,Informatique,40493,2012-07-10
422,Hannah,Martin,hannah.martin@example.com,Développeur,0687907943,1997-04-09,Informatique,67453,2011-05-04
423,Ugo,Bertrand,ugo.bertrand@example.com,Analyste,0897822588,1965-01-31,Comptabilité,89151,2016-11-08
424,Rita,Laurent,rita.laurent@example.com,Analyste,0996979574,1967-05-26,Commercial,40823,2015-07-17
425,Nina,Thomas,nina.thomas@example.com,Analyste,0651920426,1991-11-13,Comptabilité,89818,2020-11-27
426,Zoé,Durand,zoé.durand@example.com,Consultant sécurité,0822128730,1989-10-23,Ressources humaines,59518,2011-07-16
427,Kevin,Moreau,kevin.moreau@example.com,DevOps,0628350523,1996-07-27,Direction,48301,2020-03-23
428,Vera,David,vera.david@example.com,Technicien système,0652077044,1990-10-15,Direction,99953,2021-05-03
429,Ivan,Garcia,ivan.garcia@example.com,Consultant sécurité,0616710856,1999-01-27,Support,83177,2013-12-02
430,Fiona,Simon,fiona.simon@example.com,Technicien système,0927222293,1973-09-25,Commercial,28887,2019-05-17
431,Julia,Garcia,julia.garcia@example.com,Chef de projet,0920288674,1960-06-28,Marketing,45733,2012-02-06
432,Vera,Roux,vera.roux@example.com,Technicien système,0894193805,1964-01-09,Informatique,45342,2019-11-25
433,Max,Thomas,max.thomas@example.com,Administrateur réseau,0661259341,1987-10-22,Marketing,62440,2019-04-21
434,Paula,Dupont,paula.dupont@example.com,Administrateur réseau,0729217235,1999-03-23,Ressources humaines,51667,2011-10-19
435,Ivan,Martin,ivan.martin@example.com,Consultant sécurité,0989358199,1986-05-14,Marketing,57300,2014-11-26
436,Ethan,Garcia,ethan.garcia@example.com,Data engineer,0750022634,1966-10-30,Ressources humaines,95633,2014-05-01
437,Ugo,Bertrand,ugo.bertrand@example.com,Technicien système,0794688154,1963-08-09,Commercial,40262,2023-05-08
438,Fiona,Garcia,fiona.garcia@example.com,Designer UX/UI,0767800730,1990-06-28,Support,60299,2023-08-01
439,Ivan,Simon,ivan.simon@example.com,Administrateur réseau,0690341082,1968-07-19,Comptabilité,72985,2011-10-12
440,Julia,Garcia,julia.garcia@example.com,Consultant sécurité,0649819387,1969-04-03,Comptabilité,72282,2014-10-03
441,Ivan,Morel,ivan.morel@example.com,Développeur,0849104471,1986-09-22,Informatique,80475,2017-05-09
442,Ivan,Fournier,ivan.fournier@example.com,Consultant sécurité,0991423824,1977-08-08,Direction,40737,2017-10-29
443,Kevin,Morel,kevin.morel@example.com,Chef de projet,0735117274,1975-11-30,Comptabilité,92062,2023-04-23
444,Rita,Martin,rita.martin@example.com,Technicien système,0641561563,1968-03-10,Support,77282,2021-04-22
445,Diana,Michel,diana.michel@example.com,Développeur,0888395508,1989-10-13,Commercial,86240,2012-08-14
446,Oscar,David,oscar.david@example.com,Administrateur réseau,0781610692,1971-11-15,Marketing,70890,2018-03-30
447,Laura,Michel,laura.michel@example.com,Analyste,0985996492,1990-10-13,Informatique,59974,2014-08-18
448,Paula,Vincent,paula.vincent@example.com,Analyste,0874180181,1988-08-18,Ressources humaines,80617,2012-07-14
449,Rita,Richard,rita.richard@example.com,Designer UX/UI,0839848777,1990-08-30,Marketing,77142,2023-06-07
450,Ethan,Girard,ethan.girard@example.com,Data analyst,0610866501,1982-12-19,Marketing,96417,2023-03-15
451,Zoé,David,zoé.david@example.com,Consultant sécurité,0633357907,1975-07-22,Commercial,94678,2021-04-14
452,Sam,Laurent,sam.laurent@example.com,Technicien système,0827468552,1960-07-05,Commercial,57870,2015-02-10
453,Charlie,Girard,charlie.girard@example.com,Designer UX/UI,0603095881,1996-12-14,Comptabilité,99166,2021-01-04
454,Will,Morel,will.morel@example.com,Consultant sécurité,0929153439,1965-02-02,Comptabilité,35189,2017-10-22
455,Ivan,Robert,ivan.robert@example.com,Consultant sécurité,0856812199,1988-01-27,Comptabilité,35230,2013-07-23
456,Bob,Moreau,bob.moreau@example.com,Développeur,0768348174,1991-09-04,Direction,81753,2021-04-22
457,Fiona,Girard,fiona.girard@example.com,Technicien système,0769785102,1981-05-15,Direction,30837,2010-09-18
458,Yann,Moreau,yann.moreau@example.com,Consultant sécurité,0970076190,1999-12-26,Marketing,54116,2013-06-02
459,Ethan,Robert,ethan.robert@example.com,Designer UX/UI,0877782603,1960-10-04,Marketing,37893,2015-02-17
460,Xenia,Durand,xenia.durand@example.com,Analyste,0753420323,1964-06-26,Comptabilité,34447,2015-12-30
461,Tina,Bertrand,tina.bertrand@example.com,Développeur,0679028060,1997-10-06,Direction,29422,2010-05-26
462,George,Girard,george.girard@example.com,Data engineer,0650456365,1976-12-21,Support,36642,2018-07-16
463,Bob,Richard,bob.richard@example.com,Analyste,0903609125,1964-01-30,Ressources humaines,55689,2015-04-21
464,Fiona,Martin,fiona.martin@example.com,Data analyst,0905200869,1984-04-15,Ressources humaines,44215,2024-11-24
465,Paula,Richard,paula.richard@example.com,Chef de projet,0940419180,1970-07-10,Support,64610,2016-07-13
466,Paula,David,paula.david@example.com,DevOps,0672177522,1981-12-27,Comptabilité,76950,2017-06-26
467,Oscar,Michel,oscar.michel@example.com,Analyste,0889149059,1984-08-28,Informatique,98032,2016-07-07
468,Max,Richard,max.richard@example.com,Consultant sécurité,0802805348,1988-12-19,Marketing,97851,2018-04-28
469,Bob,Vincent,bob.vincent@example.com,Développeur,0869701166,1981-11-17,Support,42955,2015-09-06
470,Zoé,Martin,zoé.martin@example.com,Chef de projet,0881353118,1983-03-18,Comptabilité,34001,2017-04-17
471,George,Durand,george.durand@example.com,Designer UX/UI,0627873416,1960-05-13,Informatique,74110,2021-03-19
472,Ivan,Garcia,ivan.garcia@example.com,Analyste,0828905887,1991-10-11,Direction,43369,2018-05-05
473,Will,Moreau,will.moreau@example.com,Designer UX/UI,0777795816,1977-06-28,Direction,30486,2022-04-28
474,Tina,Thomas,tina.thomas@example.com,Analyste,0625322124,1990-03-08,Marketing,92890,2010-07-10
475,Alice,Vincent,alice.vincent@example.com,Chef de projet,0994411138,1991-12-18,Marketing,50928,2022-02-23
476,Ethan,Simon,ethan.simon@example.com,Data analyst,0610228040,1969-09-16,Ressources humaines,74564,2011-04-24
477,Yann,Durand,yann.durand@example.com,Data engineer,0886788258,1983-09-15,Direction,53495,2017-12-19
478,Xenia,Bertrand,xenia.bertrand@example.com,Data analyst,0681272670,1999-12-28,Comptabilité,66461,2010-11-14
479,Diana,Moreau,diana.moreau@example.com,Analyste,0760949103,1969-02-25,Ressources humaines,68279,2014-07-05
480,Xenia,Vincent,xenia.vincent@example.com,Designer UX/UI,0776110222,1990-05-29,Ressources humaines,58554,2016-12-23
481,Julia,Petit,julia.petit@example.com,Développeur,0835723479,1982-04-26,Support,79299,2023-09-01
482,Kevin,Roux,kevin.roux@example.com,DevOps,0893521387,1969-09-14,Informatique,45630,2023-01-19
483,Xenia,Dupont,xenia.dupont@example.com,Consultant sécurité,0818768513,1989-04-21,Comptabilité,47759,2010-03-11
484,Bob,Fournier,bob.fournier@example.com,Administrateur réseau,0651565755,1996-11-10,Direction,69712,2018-04-06
485,Max,Bernard,max.bernard@example.com,Consultant sécurité,0727365003,1995-12-14,Direction,73095,2018-11-25
486,Hannah,Petit,hannah.petit@example.com,Designer UX/UI,0830976638,1979-05-20,Informatique,55456,2022-10-24
487,Oscar,Moreau,oscar.moreau@example.com,Administrateur réseau,0904266745,1962-10-02,Direction,57398,2014-11-19
488,Sam,Martin,sam.martin@example.com,Administrateur réseau,0830991365,1998-09-28,Ressources humaines,61837,2024-09-03
489,Kevin,Roux,kevin.roux@example.com,DevOps,0925037757,1977-04-02,Comptabilité,28880,2015-03-24
490,Charlie,Moreau,charlie.moreau@example.com,Technicien système,0846942033,1980-01-25,Commercial,62810,2021-04-26
491,Paula,David,paula.david@example.com,Chef de projet,0628331592,1982-08-07,Comptabilité,67683,2017-01-01
492,Tina,Dupont,tina.dupont@example.com,Administrateur réseau,0657033665,1970-09-07,Commercial,91709,2015-08-20
493,Kevin,Morel,kevin.morel@example.com,DevOps,0771291368,1998-11-23,Commercial,71811,2023-10-23
494,Oscar,Bernard,oscar.bernard@example.com,Chef de projet,0652836041,1971-09-17,Ressources humaines,78770,2020-08-25
495,Tina,Garcia,tina.garcia@example.com,Administrateur réseau,0807264643,1978-01-08,Comptabilité,53048,2013-10-08
496,Vera,Vincent,vera.vincent@example.com,Data engineer,0730687089,1966-05-05,Direction,79550,2021-02-27
497,George,Laurent,george.laurent@example.com,Administrateur réseau,0704194322,1992-10-11,Comptabilité,59823,2016-04-29
498,Laura,Bertrand,laura.bertrand@example.com,Analyste,0920938550,1986-03-25,Marketing,93185,2017-12-28
499,Vera,Petit,vera.petit@example.com,Technicien système,0697772276,1965-07-24,Comptabilité,57196,2020-05-22
500,Yann,Bernard,yann.bernard@example.com,Développeur,0792347491,1986-10-01,Direction,70927,2018-09-06
