id,prenom,nom,email,poste,telephone,date_naissance,departement,salaire,date_embauche
1,Oscar,David,oscar.david@example.com,Data analyst,0853045985,1984-03-12,Support,75792,2010-06-23
2,Vera,Martin,vera.martin@example.com,Consultant sécurité,0848877722,1989-04-08,Comptabilité,88866,2020-11-16
3,Hannah,Michel,hannah.michel@example.com,Administrateur réseau,0995763442,1982-03-15,Ressources humaines,92086,2011-01-20
4,Yann,Vincent,yann.vincent@example.com,Data engineer,0931162426,1995-12-24,Ressources humaines,57478,2024-04-06
5,Fiona,Girard,fiona.girard@example.com,Technicien système,0846892943,1967-02-08,Support,60858,2015-08-03
6,Nina,Roux,nina.roux@example.com,Technicien système,0825654430,1975-05-11,Ressources humaines,30008,2017-08-11
7,Oscar,Bernard,oscar.bernard@example.com,Data engineer,0658768961,1968-06-06,Support,47156,2022-05-21
8,Julia,Roux,julia.roux@example.com,Designer UX/UI,0802825303,1979-07-31,Ressources humaines,47866,2018-05-29
9,Laura,Moreau,laura.moreau@example.com,Consultant sécurité,0756085910,1999-08-13,Comptabilité,30182,2012-04-17
10,Fiona,Moreau,fiona.moreau@example.com,Consultant sécurité,0604198491,1997-11-12,Ressources humaines,59573,2014-04-23
11,Nina,Petit,nina.petit@example.com,Data engineer,0896596191,1994-07-27,Ressources humaines,28626,2024-09-26
12,Ethan,Michel,ethan.michel@example.com,DevOps,0903296408,2000-11-06,Direction,39692,2014-02-01
13,Xenia,David,xenia.david@example.com,Chef de projet,0713230654,1979-04-14,Commercial,50449,2023-12-28
14,Laura,Garcia,laura.garcia@example.com,DevOps,0920867706,1976-05-18,Direction,34890,2015-08-07
15,Zoé,Dupont,zoé.dupont@example.com,Chef de projet,0878424240,1978-05-15,Informatique,41226,2023-09-22
16,Hannah,Bernard,hannah.bernard@example.com,Administrateur réseau,0720336528,2000-11-11,Comptabilité,51596,2024-06-01
17,Quentin,Dupont,quentin.dupont@example.com,Analyste,0836835332,1962-04-19,Direction,75981,2021-02-01
18,Diana,Martin,diana.martin@example.com,Designer UX/UI,0635174163,1994-04-02,Marketing,65079,2020-12-28
19,Kevin,Girard,kevin.girard@example.com,Développeur,0621315998,1971-12-17,Ressources humaines,33669,2011-03-12
20,Ethan,Morel,ethan.morel@example.com,Administrateur réseau,0773038009,1965-01-25,Informatique,45645,2013-12-15
21,Diana,Robert,diana.robert@example.com,Data analyst,0751423489,1967-03-11,Comptabilité,73877,2016-06-18
22,Max,Robert,max.robert@example.com,Data engineer,0678822426,1977-10-20,Ressources humaines,28757,2018-12-28
23,Zoé,Richard,zoé.richard@example.com,Technicien système,0837017580,1989-09-18,Direction,83706,2023-09-20
24,Ugo,Fournier,ugo.fournier@example.com,Technicien système,0992925803,1990-05-14,Marketing,68025,2011-09-27
25,Bob,Garcia,bob.garcia@example.com,Data analyst,0613455128,1982-09-08,Comptabilité,32255,2019-10-10
26,Charlie,David,charlie.david@example.com,Administrateur réseau,0727824804,1976-01-08,Commercial,40244,2015-08-29
27,Paula,Richard,paula.richard@example.com,Designer UX/UI,0750721245,1970-08-10,Support,38538,2016-10-25
28,Max,Fournier,max.fournier@example.com,Chef de projet,0701474072,1997-05-12,Marketing,95837,2016-10-22
29,Zoé,Bertrand,zoé.bertrand@example.com,Administrateur réseau,0754840008,1984-03-27,Commercial,37231,2012-03-18
30,Julia,Durand,julia.durand@example.com,Technicien système,0607122917,1998-06-21,Marketing,44708,2020-02-13
31,Kevin,Bertrand,kevin.bertrand@example.com,Technicien système,0672315534,1964-11-25,Support,37540,2022-01-05
32,Vera,Vincent,vera.vincent@example.com,Designer UX/UI,0883886280,1989-02-14,Informatique,28456,2011-03-02
33,Yann,Laurent,yann.laurent@example.com,Administrateur réseau,0639854671,1988-12-04,Support,89494,2012-07-26
34,Quentin,Bernard,quentin.bernard@example.com,Développeur,0637128409,1981-02-08,Ressources humaines,75052,2022-07-09
35,Alice,Laurent,alice.laurent@example.com,Consultant sécurité,0743090014,1982-01-15,Direction,41407,2024-10-09
36,Alice,Petit,alice.petit@example.com,Data engineer,0760903603,1977-01-05,Support,32240,2018-06-03
37,Nina,Dupont,nina.dupont@example.com,Administrateur réseau,0939002576,1996-08-07,Informatique,63854,2012-02-15
38,Max,Richard,max.richard@example.com,Analyste,0914813315,1971-12-19,Direction,61986,2024-08-28
39,Diana,Dupont,diana.dupont@example.com,Designer UX/UI,0854333162,1971-08-21,Commercial,28565,2015-03-18
40,Quentin,Bertrand,quentin.bertrand@example.com,Administrateur réseau,0799426761,1963-01-26,Informatique,57396,2023-08-12
41,Zoé,Garcia,zoé.garcia@example.com,DevOps,0849339523,1997-11-14,Comptabilité,75287,2020-02-25
42,Max,Fournier,max.fournier@example.com,Technicien système,0813643601,1963-10-16,Marketing,63085,2013-09-01
43,Xenia,Durand,xenia.durand@example.com,Designer UX/UI,0730166705,1962-02-02,Direction,69176,2015-09-25
44,Diana,Bernard,diana.bernard@example.com,DevOps,0619713109,1998-09-17,Comptabilité,43945,2021-05-05
45,Ethan,Michel,ethan.michel@example.com,Designer UX/UI,0705444116,1994-06-20,Commercial,85014,2020-10-19
46,Bob,David,bob.david@example.com,Technicien système,0739164579,1971-09-11,Ressources humaines,49316,2021-12-01
47,Charlie,Michel,charlie.michel@example.com,Data engineer,0992172861,1982-05-17,Informatique,88657,2016-08-28
48,Laura,Vincent,laura.vincent@example.com,Designer UX/UI,0957271936,1988-02-11,Comptabilité,60833,2018-04-17
49,George,Vincent,george.vincent@example.com,Data analyst,0833525166,1975-01-30,Direction,95719,2011-05-26
50,Ivan,Garcia,ivan.garcia@example.com,Data engineer,0914265775,1994-04-23,Marketing,55999,2021-03-13
51,Fiona,Fournier,fiona.fournier@example.com,DevOps,0604530432,1977-09-13,Support,84939,2010-06-14
52,Bob,Robert,bob.robert@example.com,Designer UX/UI,0622200389,1983-04-01,Marketing,68102,2017-02-27
53,Charlie,Roux,charlie.roux@example.com,Analyste,0943061897,1975-10-16,Direction,86604,2017-03-15
54,Zoé,Girard,zoé.girard@example.com,Consultant sécurité,0839103213,1981-09-07,Marketing,71411,2023-05-26
55,Max,Fournier,max.fournier@example.com,Designer UX/UI,0656973905,1988-11-22,Ressources humaines,35011,2015-12-13
56,Ugo,Richard,ugo.richard@example.com,Consultant sécurité,0925972525,1990-04-17,Support,75080,2012-08-30
57,Hannah,Dupont,hannah.dupont@example.com,Chef de projet,0938903088,1965-05-12,Commercial,45760,2018-01-29
58,Kevin,Moreau,kevin.moreau@example.com,Analyste,0955349771,1999-11-02,Commercial,62023,2011-08-06
59,Quentin,Richard,quentin.richard@example.com,Développeur,0930505920,1999-10-10,Support,36831,2016-11-08
60,Hannah,Roux,hannah.roux@example.com,DevOps,0840084292,1961-09-18,Support,57562,2015-07-11
61,Paula,Garcia,paula.garcia@example.com,Développeur,0918364917,1979-02-16,Informatique,96924,2021-01-19
62,Max,Moreau,max.moreau@example.com,Data engineer,0728941548,2000-08-24,Direction,68005,2019-08-17
63,Will,Michel,will.michel@example.com,Analyste,0950017267,1978-04-04,Support,96358,2013-02-28
64,Ivan,Martin,ivan.martin@example.com,Développeur,0790610860,1994-04-02,Commercial,47165,2011-12-24
65,Paula,Fournier,paula.fournier@example.com,Chef de projet,0947728922,1963-10-18,Direction,83845,2017-02-09
66,Charlie,Martin,charlie.martin@example.com,Chef de projet,0874214959,1967-06-16,Direction,72116,2021-02-22
67,Xenia,Bernard,xenia.bernard@example.com,Technicien système,0760634326,1965-08-29,Informatique,76575,2013-05-28
68,Paula,Robert,paula.robert@example.com,Administrateur réseau,0970484881,1992-05-23,Commercial,28583,2015-01-13
69,Ethan,Durand,ethan.durand@example.com,Consultant sécurité,0764890752,1983-08-11,Marketing,81958,2021-05-12
70,Will,Girard,will.girard@example.com,Data engineer,0837605004,1990-07-01,Direction,30479,2013-06-29
71,Will,Moreau,will.moreau@example.com,Data engineer,0746173351,1983-10-28,Marketing,96939,2021-06-24
72,Hannah,Thomas,hannah.thomas@example.com,Data analyst,0725699354,1967-12-17,Informatique,48153,2023-10-09
73,Paula,Girard,paula.girard@example.com,DevOps,0927789257,1962-10-02,Commercial,53312,2013-12-02
74,Fiona,Fournier,fiona.fournier@example.com,DevOps,0622746095,1974-12-16,Direction,62553,2013-04-24
75,Diana,Morel,diana.morel@example.com,Designer UX/UI,0621379055,1977-10-12,Direction,34046,2019-01-29
76,Alice,Vincent,alice.vincent@example.com,DevOps,0885435176,1983-12-22,Direction,65353,2023-07-01
77,Julia,Martin,julia.martin@example.com,Consultant sécurité,0855624169,1998-08-29,Marketing,77022,2017-08-23
78,Fiona,Petit,fiona.petit@example.com,Technicien système,0649681333,1975-08-21,Ressources humaines,83768,2013-03-07
79,Zoé,Robert,zoé.robert@example.com,Data engineer,0634404855,1977-08-21,Ressources humaines,38682,2022-08-27
80,Yann,Fournier,yann.fournier@example.com,Technicien système,0837824297,1988-07-27,Commercial,92007,2018-06-28
81,Nina,Laurent,nina.laurent@example.com,Analyste,0683731979,1968-03-09,Marketing,81185,2013-06-22
82,Ivan,Bertrand,ivan.bertrand@example.com,Data analyst,0659280794,1966-03-18,Comptabilité,43286,2024-11-22
83,Sam,Morel,sam.morel@example.com,Analyste,0763283050,1979-01-19,Commercial,74822,2015-05-17
84,Max,Garcia,max.garcia@example.com,Consultant sécurité,0942473301,1989-11-03,Commercial,38440,2022-01-28
85,Zoé,Vincent,zoé.vincent@example.com,Technicien système,0996461985,1970-09-20,Ressources humaines,31230,2021-04-02
86,George,Roux,george.roux@example.com,Consultant sécurité,0731035476,1973-10-29,Support,35258,2012-06-08
87,Bob,Richard,bob.richard@example.com,Data engineer,0739836854,2000-08-17,Marketing,99431,2014-10-01
88,Xenia,Dupont,xenia.dupont@example.com,Chef de projet,0967830411,1997-04-09,Marketing,46107,2013-12-10
89,Sam,Robert,sam.robert@example.com,Analyste,0635733463,1977-07-14,Support,91428,2020-06-12
90,Paula,Durand,paula.durand@example.com,Analyste,0611864053,1980-03-22,Marketing,73474,2010-05-30
91,Kevin,Morel,kevin.morel@example.com,Data analyst,0694994599,1992-07-30,Support,90340,2017-07-17
92,Xenia,Robert,xenia.robert@example.com,Analyste,0753961631,1975-11-08,Direction,69964,2016-01-31
93,Yann,Martin,yann.martin@example.com,Data analyst,0632838911,1989-01-08,Support,46964,2019-01-31
94,Alice,Fournier,alice.fournier@example.com,DevOps,0892644914,1988-09-15,Comptabilité,73231,2012-03-04
95,Ethan,Fournier,ethan.fournier@example.com,Chef de projet,0839928739,1989-12-01,Ressources humaines,73673,2022-11-12
96,Yann,Laurent,yann.laurent@example.com,DevOps,0683209294,1989-01-11,Comptabilité,34595,2018-07-07
97,Alice,Morel,alice.morel@example.com,Analyste,0722930762,1996-09-02,Commercial,93974,2022-04-12
98,George,Simon,george.simon@example.com,Analyste,0866001631,1964-01-19,Commercial,93466,2016-07-02
99,Charlie,Michel,charlie.michel@example.com,Designer UX/UI,0830021269,1985-09-23,Direction,42338,2022-09-12
100,Laura,Martin,laura.martin@example.com,Analyste,0936122491,1971-09-06,Ressources humaines,43513,2024-10-30
101,Alice,Petit,alice.petit@example.com,Développeur,0928871769,1968-02-28,Ressources humaines,55302,2015-01-12
102,Rita,Laurent,rita.laurent@example.com,Data analyst,0967518162,1969-12-24,Ressources humaines,32335,2024-06-10
103,Will,Simon,will.simon@example.com,Data engineer,0685003957,1964-10-08,Comptabilité,36106,2017-12-23
104,Kevin,Morel,kevin.morel@example.com,Technicien système,0904905179,1994-12-26,Comptabilité,66215,2023-10-25
105,Laura,Thomas,laura.thomas@example.com,Data engineer,0668832464,1967-04-07,Informatique,30639,2019-01-15
106,Vera,Girard,vera.girard@example.com,DevOps,0944459147,1965-02-28,Informatique,73142,2024-07-11
107,George,Fournier,george.fournier@example.com,Technicien système,0999847941,1988-09-12,Support,56165,2013-08-28
108,Vera,Michel,vera.michel@example.com,Chef de projet,0651141051,1993-11-25,Ressources humaines,33402,2020-07-22
109,Ivan,Dupont,ivan.dupont@example.com,Analyste,0993923934,2000-08-30,Informatique,30846,2017-11-27
110,Zoé,Garcia,zoé.garcia@example.com,Designer UX/UI,0869537334,1970-09-21,Support,92510,2020-08-03
111,Max,Robert,max.robert@example.com,Data analyst,0710273070,1960-04-03,Support,31921,2024-02-18
112,Sam,Bertrand,sam.bertrand@example.com,Technicien système,0826910166,1987-08-21,Comptabilité,99683,2023-06-05
113,Max,Morel,max.morel@example.com,Technicien système,0672639559,1965-07-02,Informatique,60849,2013-06-20
114,Alice,Richard,alice.richard@example.com,Développeur,0825922529,1982-07-12,Ressources humaines,48119,2018-07-19
115,Xenia,Laurent,xenia.laurent@example.com,Développeur,0939104476,1994-03-23,Comptabilité,38736,2019-08-10
116,Ethan,Simon,ethan.simon@example.com,Chef de projet,0695071190,1981-12-11,Marketing,97456,2013-09-20
117,George,Thomas,george.thomas@example.com,DevOps,0912341269,1983-08-03,Support,63175,2012-09-13
118,Oscar,Morel,oscar.morel@example.com,Développeur,0906377468,1996-09-24,Comptabilité,48100,2018-10-15
119,Laura,Girard,laura.girard@example.com,Consultant sécurité,0663106636,1987-12-15,Direction,70014,2022-06-21
120,Oscar,Moreau,oscar.moreau@example.com,Consultant sécurité,0631946265,1980-07-07,Commercial,78753,2014-12-15
121,Diana,Bertrand,diana.bertrand@example.com,Analyste,0903009806,1969-01-22,Marketing,71364,2012-01-07
122,Quentin,Simon,quentin.simon@example.com,Consultant sécurité,0621070993,1973-04-28,Direction,44496,2017-10-13
123,Paula,David,paula.david@example.com,Analyste,0838177074,1986-11-02,Informatique,41412,2022-07-24
124,Xenia,Petit,xenia.petit@example.com,DevOps,0638028801,1979-03-09,Direction,77590,2017-11-27
125,Nina,Bertrand,nina.bertrand@example.com,DevOps,0910874922,1977-08-14,Ressources humaines,37554,2017-06-19
126,Kevin,Thomas,kevin.thomas@example.com,Administrateur réseau,0899367909,1985-07-30,Marketing,74628,2021-07-06
127,Yann,Dupont,yann.dupont@example.com,Designer UX/UI,0824413022,1962-12-31,Commercial,58331,2018-07-25
128,Quentin,Michel,quentin.michel@example.com,Développeur,0615566660,1969-12-05,Marketing,94749,2023-12-27
129,Charlie,Dupont,charlie.dupont@example.com,Chef de projet,0928370129,1975-05-06,Comptabilité,36182,2014-04-11
130,Ethan,Robert,ethan.robert@example.com,Analyste,0618134075,1997-11-22,Direction,92359,2013-04-28
131,Max,Vincent,max.vincent@example.com,Designer UX/UI,0942476163,1975-06-07,Marketing,87408,2015-08-07
132,Nina,David,nina.david@example.com,Technicien système,0610368561,1993-05-29,Ressources humaines,77205,2021-05-18
133,Diana,Robert,diana.robert@example.com,Designer UX/UI,0742405210,1989-05-31,Ressources humaines,43184,2024-05-25
134,Bob,Durand,bob.durand@example.com,Développeur,0656886497,1996-07-22,Commercial,54654,2020-02-14
135,Ivan,Fournier,ivan.fournier@example.com,DevOps,0891742359,1991-04-29,Marketing,96744,2023-05-02
136,Diana,Robert,diana.robert@example.com,Consultant sécurité,0743704350,1978-08-18,Comptabilité,71734,2021-04-27
137,Yann,Roux,yann.roux@example.com,Analyste,0998947491,1999-08-08,Support,39538,2011-03-17
138,Julia,Morel,julia.morel@example.com,Data analyst,0841923691,1988-10-24,Marketing,91668,2018-12-19
139,Will,Bernard,will.bernard@example.com,Chef de projet,0712117502,1971-04-22,Informatique,80799,2016-12-25
140,Oscar,David,oscar.david@example.com,Technicien système,0744692025,1994-04-22,Direction,95475,2024-07-28
141,Max,Martin,max.martin@example.com,Data engineer,0999324155,1981-08-31,Support,62511,2010-01-10
142,Xenia,Thomas,xenia.thomas@example.com,Consultant sécurité,0952677654,1969-01-15,Informatique,53831,2015-06-08
143,Tina,Garcia,tina.garcia@example.com,Développeur,0984199440,1989-01-10,Commercial,98407,2010-06-28
144,Zoé,Morel,zoé.morel@example.com,Technicien système,0919486286,1979-12-14,Marketing,50508,2019-03-26
145,Vera,Laurent,vera.laurent@example.com,Chef de projet,0691260845,1979-11-21,Commercial,79411,2017-08-02
146,Diana,Roux,diana.roux@example.com,Chef de projet,0784273843,1975-11-18,Comptabilité,64290,2017-10-01
147,Hannah,Petit,hannah.petit@example.com,Data analyst,0953942306,1967-07-26,Comptabilité,56688,2013-04-30
148,Nina,Bertrand,nina.bertrand@example.com,Data engineer,0972804222,1991-11-27,Ressources humaines,59931,2024-12-24
149,Ugo,Bernard,ugo.bernard@example.com,Consultant sécurité,0950972006,1982-10-01,Informatique,58244,2020-04-11
150,Alice,Laurent,alice.laurent@example.com,DevOps,0866471907,1973-10-11,Comptabilité,73032,2021-07-19
151,Vera,Bertrand,vera.bertrand@example.com,Consultant sécurité,0616909171,1963-09-06,Ressources humaines,78981,2019-10-13
152,Oscar,Durand,oscar.durand@example.com,Chef de projet,0650493355,1964-10-28,Marketing,38306,2015-01-31
153,Sam,Richard,sam.richard@example.com,Analyste,0973924727,1973-08-15,Direction,81089,2022-09-15
154,Zoé,Thomas,zoé.thomas@example.com,DevOps,0893501389,1993-03-14,Marketing,60285,2015-06-24
155,George,Laurent,george.laurent@example.com,Data analyst,0917247806,1974-10-01,Ressources humaines,50815,2010-02-02
156,Ethan,Fournier,ethan.fournier@example.com,Consultant sécurité,0922369185,1992-11-22,Direction,63849,2018-07-21
157,George,Bernard,george.bernard@example.com,Data analyst,0990012938,2000-01-21,Direction,51097,2023-11-30
158,Max,Fournier,max.fournier@example.com,Développeur,0957943869,1995-05-05,Ressources humaines,48620,2016-01-02
159,Sam,Michel,sam.michel@example.com,Développeur,0638548260,1979-05-07,Informatique,80258,2010-02-05
160,Oscar,Bernard,oscar.bernard@example.com,Administrateur réseau,0687713556,1979-03-19,Commercial,33351,2023-01-28
161,Sam,Bernard,sam.bernard@example.com,Chef de projet,0666075664,1969-09-11,Ressources humaines,28984,2012-11-16
162,Ivan,Petit,ivan.petit@example.com,DevOps,0781156333,1992-05-27,Commercial,45699,2022-06-29
163,Julia,Thomas,julia.thomas@example.com,Data analyst,0685731171,1962-03-21,Commercial,59499,2021-11-14
164,Ivan,Moreau,ivan.moreau@example.com,Chef de projet,0685858220,1965-05-24,Commercial,60099,2024-03-08
165,Tina,Dupont,tina.dupont@example.com,Administrateur réseau,0812238740,1960-06-15,Comptabilité,48354,2015-10-28
166,Ugo,Thomas,ugo.thomas@example.com,Analyste,0715528060,1982-06-06,Informatique,47443,2013-05-09
167,Will,Simon,will.simon@example.com,Analyste,0859781432,1993-09-01,Informatique,72274,2024-10-10
168,Charlie,Durand,charlie.durand@example.com,Data engineer,0616093312,1979-05-20,Ressources humaines,66907,2017-03-30
169,Julia,Vincent,julia.vincent@example.com,Technicien système,0847886182,1970-12-08,Marketing,72773,2019-05-07
170,Charlie,Robert,charlie.robert@example.com,Data engineer,0698169425,1990-01-30,Comptabilité,48337,2012-11-10
171,Bob,Bertrand,bob.bertrand@example.com,Designer UX/UI,0905241146,1999-11-24,Informatique,58188,2017-11-07
172,Kevin,Bernard,kevin.bernard@example.com,Data analyst,0971904183,1974-10-06,Direction,58449,2019-01-23
173,Charlie,Michel,charlie.michel@example.com,Data engineer,0915391500,1981-04-01,Informatique,92474,2011-12-24
174,Xenia,Bernard,xenia.bernard@example.com,Designer UX/UI,0912994112,1998-02-15,Direction,81313,2017-01-13
175,Rita,Bernard,rita.bernard@example.com,Chef de projet,0857814913,1984-08-16,Marketing,84260,2011-10-19
176,Oscar,Thomas,oscar.thomas@example.com,Administrateur réseau,0829426820,1963-07-13,Direction,36838,2017-03-10
177,Fiona,Simon,fiona.simon@example.com,Data analyst,0687205779,1987-08-13,Comptabilité,61942,2019-08-08
178,Ethan,Girard,ethan.girard@example.com,Administrateur réseau,0616250299,1985-04-04,Direction,94478,2021-08-26
179,Ethan,Bernard,ethan.bernard@example.com,Chef de projet,0674851327,1993-05-02,Ressources humaines,62974,2024-12-04
180,Julia,Durand,julia.durand@example.com,Data engineer,0847378423,1990-05-07,Commercial,46825,2018-09-07
181,Julia,Girard,julia.girard@example.com,Administrateur réseau,0854740565,1968-03-16,Support,47799,2020-03-02
182,Nina,Girard,nina.girard@example.com,Technicien système,0920758125,1972-08-06,Direction,98719,2011-05-09
183,Oscar,Girard,oscar.girard@example.com,DevOps,0752194083,1999-01-14,Ressources humaines,85442,2012-01-30
184,Vera,Fournier,vera.fournier@example.com,Chef de projet,0728029183,1969-11-14,Ressources humaines,88394,2010-08-14
185,Bob,Bertrand,bob.bertrand@example.com,Chef de projet,0616003731,1983-01-04,Commercial,51559,2015-01-26
186,Nina,Morel,nina.morel@example.com,Administrateur réseau,0756149960,1994-07-29,Comptabilité,43650,2017-07-26
187,Ugo,Durand,ugo.durand@example.com,Data analyst,0790006674,1987-09-18,Commercial,79279,2024-09-14
188,Ethan,Bernard,ethan.bernard@example.com,Consultant sécurité,0872939405,1982-11-15,Comptabilité,89748,2020-12-26
189,George,Richard,george.richard@example.com,Technicien système,0914863150,1996-05-04,Informatique,56604,2010-02-19
190,Max,Morel,max.morel@example.com,Designer UX/UI,0925267629,1976-01-24,Commercial,69451,2018-06-26
191,Ugo,Robert,ugo.robert@example.com,Développeur,0989686808,1991-06-30,Direction,92453,2021-05-05
192,Ivan,Morel,ivan.morel@example.com,Administrateur réseau,0921428330,1997-06-01,Commercial,77922,2018-05-01
193,Kevin,Bernard,kevin.bernard@example.com,DevOps,0650694220,1962-08-12,Comptabilité,36031,2015-10-05
194,Alice,Thomas,alice.thomas@example.com,Chef de projet,0762497967,1993-01-14,Comptabilité,42253,2012-11-08
195,Paula,Thomas,paula.thomas@example.com,Technicien système,0899736816,1982-08-22,Ressources humaines,76777,2020-01-17
196,Quentin,Dupont,quentin.dupont@example.com,Analyste,0849681178,1986-12-13,Direction,99558,2013-02-17
197,Sam,Martin,sam.martin@example.com,Designer UX/UI,0655270267,1994-06-03,Informatique,63960,2012-12-23
198,Quentin,Laurent,quentin.laurent@example.com,Chef de projet,0700257822,1998-03-15,Direction,89720,2010-08-21
199,Bob,Fournier,bob.fournier@example.com,Chef de projet,0710050568,1972-05-18,Marketing,45403,2013-02-09
200,Yann,Bertrand,yann.bertrand@example.com,Data analyst,0968330222,1995-11-01,Marketing,47914,2018-10-12
201,Quentin,Richard,quentin.richard@example.com,Technicien système,0831611943,1996-08-30,Marketing,84829,2015-08-10
202,Quentin,Roux,quentin.roux@example.com,Designer UX/UI,0742625093,1971-07-10,Marketing,49669,2011-12-11
203,Nina,Richard,nina.richard@example.com,Designer UX/UI,0853567092,1970-12-01,Commercial,78917,2011-11-20
204,Will,Dupont,will.dupont@example.com,Data engineer,0820452684,1978-08-17,Informatique,53178,2021-02-10
205,Ugo,Laurent,ugo.laurent@example.com,Développeur,0859017094,1968-06-08,Ressources humaines,77769,2011-12-23
206,Hannah,Moreau,hannah.moreau@example.com,Développeur,0716891773,1975-03-20,Marketing,30874,2014-11-29
207,Tina,Fournier,tina.fournier@example.com,Technicien système,0839009687,1969-03-23,Support,30508,2012-04-09
208,Nina,Simon,nina.simon@example.com,Data engineer,0763974255,1993-10-15,Marketing,75152,2023-01-16
209,Alice,Richard,alice.richard@example.com,Chef de projet,0901965309,1975-04-25,Direction,66512,2020-02-06
210,Charlie,Durand,charlie.durand@example.com,DevOps,0775380513,2000-04-11,Informatique,78711,2013-05-25
211,Fiona,Simon,fiona.simon@example.com,Analyste,0886021403,1965-08-26,Marketing,88490,2019-06-12
212,Bob,Durand,bob.durand@example.com,Data engineer,0640375194,1988-05-04,Commercial,98945,2022-02-05
213,Rita,Laurent,rita.laurent@example.com,Data analyst,0913348036,1992-06-11,Commercial,38447,2022-07-22
214,Diana,Richard,diana.richard@example.com,Data analyst,0823591955,1961-01-16,Comptabilité,98235,2015-05-04
215,Hannah,Durand,hannah.durand@example.com,Chef de projet,0886315772,1991-09-18,Marketing,96992,2013-08-30
216,Diana,Thomas,diana.thomas@example.com,Développeur,0786324803,1986-05-04,Ressources humaines,56893,2011-10-24
217,Charlie,Vincent,charlie.vincent@example.com,Designer UX/UI,0889894476,1967-07-15,Marketing,80108,2022-03-25
218,Alice,Garcia,alice.garcia@example.com,Développeur,0859839305,1990-02-22,Marketing,82176,2014-07-12
219,Alice,Michel,alice.michel@example.com,DevOps,0627612175,1976-10-03,Support,88897,2020-03-17
220,Fiona,David,fiona.david@example.com,Data engineer,0953120814,1963-07-14,Support,77695,2018-10-25
221,Paula,Thomas,paula.thomas@example.com,Analyste,0749414259,2000-03-07,Comptabilité,83413,2022-05-25
222,Quentin,Thomas,quentin.thomas@example.com,Consultant sécurité,0953654814,1987-01-08,Ressources humaines,97475,2024-07-21
223,Nina,Richard,nina.richard@example.com,Designer UX/UI,0875617087,1972-05-25,Direction,73211,2013-12-18
224,Sam,Fournier,sam.fournier@example.com,Data analyst,0740617870,1991-01-30,Commercial,75451,2018-02-23
225,Yann,Laurent,yann.laurent@example.com,Administrateur réseau,0652186356,1986-03-13,Commercial,88907,2022-11-18
226,Max,Bernard,max.bernard@example.com,Chef de projet,0882437921,1981-03-17,Direction,79063,2018-10-07
227,Sam,Dupont,sam.dupont@example.com,Consultant sécurité,0773670089,1974-09-29,Ressources humaines,98544,2011-04-14
228,Ivan,Robert,ivan.robert@example.com,Technicien système,0705568947,1965-04-03,Informatique,76610,2012-11-09
229,Paula,Girard,paula.girard@example.com,Analyste,0701321837,1980-04-25,Support,36322,2019-12-05
230,Ethan,David,ethan.david@example.com,Administrateur réseau,0997399654,1975-02-12,Support,51129,2015-06-01
231,Rita,Martin,rita.martin@example.com,Data analyst,0754793863,1996-01-26,Informatique,32657,2015-10-08
232,Vera,Richard,vera.richard@example.com,Administrateur réseau,0724019936,1967-01-17,Comptabilité,98981,2010-02-28
233,Vera,Vincent,vera.vincent@example.com,Analyste,0935987535,1968-12-27,Support,79616,2011-06-21
234,Quentin,Bernard,quentin.bernard@example.com,Consultant sécurité,0604257579,1965-11-25,Direction,73027,2013-07-22
235,Yann,Durand,yann.durand@example.com,Analyste,0855184870,1982-12-12,Informatique,74887,2011-05-26
236,Ugo,Morel,ugo.morel@example.com,Designer UX/UI,0728058629,1986-07-01,Commercial,53125,2021-03-17
237,Zoé,Petit,zoé.petit@example.com,Technicien système,0634149046,1960-07-31,Marketing,89316,2020-05-21
238,George,Dupont,george.dupont@example.com,Technicien système,0766500674,1981-11-22,Marketing,91029,2010-08-08
239,Sam,Laurent,sam.laurent@example.com,Data analyst,0715229186,1973-10-11,Commercial,97184,2016-07-19
240,Max,David,max.david@example.com,Data engineer,0807998147,1969-02-25,Comptabilité,38401,2022-02-25
241,Laura,Bertrand,laura.bertrand@example.com,Analyste,0770992645,1976-02-02,Marketing,33913,2014-06-19
242,Quentin,Bernard,quentin.bernard@example.com,Administrateur réseau,0922706480,1963-07-17,Ressources humaines,94128,2022-10-22
243,Alice,Robert,alice.robert@example.com,Designer UX/UI,0650146150,1977-11-18,Ressources humaines,68621,2014-11-15
244,Alice,Richard,alice.richard@example.com,Technicien système,0726721203,1964-03-10,Ressources humaines,39604,2014-05-15
245,Ugo,Roux,ugo.roux@example.com,Data analyst,0709765025,1969-06-08,Marketing,99487,2012-02-24
246,Julia,Simon,julia.simon@example.com,Designer UX/UI,0718166138,1984-09-07,Informatique,73022,2011-11-03
247,Oscar,Vincent,oscar.vincent@example.com,Designer UX/UI,0656098287,1994-09-20,Marketing,95245,2021-11-14
248,Quentin,Richard,quentin.richard@example.com,Consultant sécurité,0759588002,1988-08-06,Direction,78712,2010-07-10
249,Rita,Fournier,rita.fournier@example.com,Développeur,0916187288,1978-01-11,Marketing,64396,2020-10-31
250,Tina,Martin,tina.martin@example.com,Designer UX/UI,0710480111,1985-04-30,Comptabilité,81682,2016-01-01
251,Ivan,Durand,ivan.durand@example.com,Data engineer,0977555407,1996-11-03,Direction,61649,2021-04-02
252,Vera,Moreau,vera.moreau@example.com,Data engineer,0820983103,1993-05-11,Support,34919,2019-07-15
253,Will,Laurent,will.laurent@example.com,Analyste,0649473513,1971-01-17,Informatique,79158,2022-10-09
254,Julia,Vincent,julia.vincent@example.com,DevOps,0733308378,1975-05-20,Support,69002,2022-09-18
255,Will,Fournier,will.fournier@example.com,Consultant sécurité,0828615746,1974-11-01,Ressources humaines,68765,2023-02-07
256,Max,Simon,max.simon@example.com,Designer UX/UI,0823992884,1983-11-27,Marketing,82687,2012-01-26
257,Hannah,Petit,hannah.petit@example.com,Chef de projet,0946550599,1984-07-17,Commercial,84311,2013-05-13
258,Yann,Richard,yann.richard@example.com,Chef de projet,0900501570,1984-01-26,Direction,68604,2011-10-10
259,Julia,Fournier,julia.fournier@example.com,Data engineer,0997842562,1994-07-17,Marketing,80694,2017-10-29
260,Alice,Martin,alice.martin@example.com,Designer UX/UI,0815512231,1984-05-13,Ressources humaines,80060,2018-06-04
261,Nina,Dupont,nina.dupont@example.com,Chef de projet,0603438436,1974-08-19,Ressources humaines,90455,2022-11-25
262,Kevin,Robert,kevin.robert@example.com,Designer UX/UI,0806918015,1962-05-11,Informatique,85756,2012-08-16
263,Kevin,Bertrand,kevin.bertrand@example.com,Administrateur réseau,0958807031,1975-03-28,Commercial,71286,2014-10-22
264,Hannah,Laurent,hannah.laurent@example.com,Designer UX/UI,0929603668,1971-03-17,Marketing,78331,2017-03-03
265,Diana,Robert,diana.robert@example.com,Chef de projet,0621954652,1971-09-29,Commercial,83420,2012-10-23
266,Charlie,Thomas,charlie.thomas@example.com,Data analyst,0878355712,1982-12-15,Ressources humaines,60790,2012-02-22
267,Rita,Fournier,rita.fournier@example.com,Consultant sécurité,0828965927,1992-09-11,Marketing,70343,2017-02-09
268,Max,Dupont,max.dupont@example.com,Développeur,0744977965,1963-03-24,Support,72144,2021-08-07
269,Max,Richard,max.richard@example.com,Développeur,0755266293,2000-03-21,Support,43051,2011-02-13
270,Yann,Michel,yann.michel@example.com,Administrateur réseau,0843855505,1970-04-11,Support,64982,2014-08-23
271,Laura,Durand,laura.durand@example.com,Technicien système,0905899270,1965-09-30,Support,49862,2014-05-12
272,Oscar,Michel,oscar.michel@example.com,Technicien système,0955909172,1976-12-18,Comptabilité,39115,2022-12-20
273,Xenia,Morel,xenia.morel@example.com,Développeur,0659206046,1963-05-25,Comptabilité,57434,2021-09-01
274,Sam,Robert,sam.robert@example.com,Designer UX/UI,0700201304,1986-12-02,Comptabilité,48171,2014-12-18
275,Ethan,Dupont,ethan.dupont@example.com,Data analyst,0746215804,1965-12-01,Informatique,94691,2013-09-30
276,George,Garcia,george.garcia@example.com,Designer UX/UI,0833362463,1990-04-16,Comptabilité,84044,2019-11-12
277,Oscar,Roux,oscar.roux@example.com,Data engineer,0667182663,1990-03-16,Commercial,71782,2016-04-02
278,Paula,Petit,paula.petit@example.com,Data engineer,0619511427,1996-12-05,Support,51251,2010-01-01
279,Hannah,Roux,hannah.roux@example.com,DevOps,0905016179,1972-04-07,Commercial,92583,2022-04-30
280,Sam,Moreau,sam.moreau@example.com,Consultant sécurité,0800782258,1992-10-14,Support,28453,2013-10-20
281,Bob,Moreau,bob.moreau@example.com,Développeur,0756616260,1987-07-28,Support,46229,2013-10-28
282,Sam,Fournier,sam.fournier@example.com,Designer UX/UI,0737962775,1966-11-16,Commercial,57648,2019-01-31
283,Nina,Michel,nina.michel@example.com,Data engineer,0622633596,1961-10-23,Marketing,80866,2013-07-28
284,Quentin,David,quentin.david@example.com,Data analyst,0917706659,1990-03-05,Comptabilité,74873,2014-11-04
285,Oscar,Dupont,oscar.dupont@example.com,Analyste,0954468377,1995-01-28,Direction,47360,2023-10-01
286,Fiona,Bernard,fiona.bernard@example.com,Développeur,0720429055,1970-05-28,Comptabilité,82814,2014-05-08
287,Ethan,Morel,ethan.morel@example.com,Analyste,0798354243,1964-08-13,Ressources humaines,97416,2019-03-18
288,Julia,Richard,julia.richard@example.com,Consultant sécurité,0889122645,1961-04-16,Informatique,99261,2011-04-26
289,Nina,Vincent,nina.vincent@example.com,Analyste,0819383775,1978-12-09,Marketing,54268,2012-12-04
290,Paula,Vincent,paula.vincent@example.com,Technicien système,0872356948,1980-12-10,Informatique,64554,2022-03-25
291,Vera,Garcia,vera.garcia@example.com,Consultant sécurité,0754007769,1960-08-21,Comptabilité,74239,2023-12-01
292,Sam,Girard,sam.girard@example.com,Data analyst,0749255909,1966-06-12,Commercial,31527,2021-05-05
293,Nina,Bertrand,nina.bertrand@example.com,Data engineer,0805693928,1980-10-09,Informatique,91450,2019-07-13
294,Julia,Simon,julia.simon@example.com,Analyste,0825532373,1962-01-31,Direction,94125,2018-01-13
295,Julia,Petit,julia.petit@example.com,Analyste,0728254470,1985-08-07,Informatique,70629,2014-11-16
296,Alice,Simon,alice.simon@example.com,Data analyst,0801536087,1980-08-28,Support,40912,2015-03-25
297,Xenia,Dupont,xenia.dupont@example.com,Administrateur réseau,0988855908,1987-09-02,Direction,63622,2016-06-09
298,Alice,Moreau,alice.moreau@example.com,Designer UX/UI,0808570111,1992-02-07,Ressources humaines,44180,2018-03-05
299,Ethan,Thomas,ethan.thomas@example.com,DevOps,0950370224,1973-02-22,Comptabilité,29844,2016-05-30
300,Bob,Laurent,bob.laurent@example.com,Data analyst,0839277214,1964-02-11,Commercial,69821,2014-03-24
301,Sam,Morel,sam.morel@example.com,Consultant sécurité,0678970198,1992-06-28,Comptabilité,31822,2016-07-28
302,Oscar,Morel,oscar.morel@example.com,Data analyst,0760879631,1965-12-01,Support,96229,2020-10-27
303,Rita,Simon,rita.simon@example.com,Analyste,0968283833,1973-05-02,Informatique,64068,2019-09-25
304,Kevin,Garcia,kevin.garcia@example.com,Administrateur réseau,0899934749,1998-01-27,Direction,89554,2020-08-18
305,Tina,Thomas,tina.thomas@example.com,Chef de projet,0813780713,1972-08-16,Ressources humaines,76856,2010-07-06
306,Ivan,Garcia,ivan.garcia@example.com,Designer UX/UI,0640684129,1974-01-31,Marketing,47655,2018-11-06
307,Julia,David,julia.david@example.com,Technicien système,0738473973,1963-04-14,Informatique,40673,2020-12-28
308,Charlie,Laurent,charlie.laurent@example.com,DevOps,0620031753,1988-07-25,Support,72270,2023-11-18
309,George,Petit,george.petit@example.com,Designer UX/UI,0778889839,1968-02-21,Comptabilité,75899,2011-02-09
310,Zoé,Laurent,zoé.laurent@example.com,Technicien système,0672805385,1984-10-10,Direction,33628,2012-04-05
311,Will,Bertrand,will.bertrand@example.com,Data engineer,0707966449,1994-07-13,Comptabilité,74499,2022-01-07
312,Alice,Vincent,alice.vincent@example.com,Développeur,0602753059,1974-07-22,Marketing,83542,2021-05-18
313,Ugo,Richard,ugo.richard@example.com,Data engineer,0851999688,1992-11-22,Support,96010,2011-01-28
314,Kevin,Fournier,kevin.fournier@example.com,Technicien système,0603645260,1986-11-30,Comptabilité,96516,2021-08-13
315,Ivan,David,ivan.david@example.com,DevOps,0945994792,1973-09-23,Informatique,80428,2011-11-18
316,Julia,Roux,julia.roux@example.com,Designer UX/UI,0904610567,1990-04-02,Ressources humaines,64259,2018-11-06
317,Diana,Bertrand,diana.bertrand@example.com,Administrateur réseau,0854013421,1990-03-18,Commercial,71726,2010-10-19
318,Tina,Michel,tina.michel@example.com,Chef de projet,0962507785,1973-08-07,Commercial,95362,2016-07-08
319,Vera,Laurent,vera.laurent@example.com,Data analyst,0838647889,1991-02-01,Comptabilité,54078,2016-03-06
320,Will,Laurent,will.laurent@example.com,Chef de projet,0733047575,1968-09-18,Informatique,86187,2024-08-07
321,Rita,Bertrand,rita.bertrand@example.com,Chef de projet,0724511472,1980-04-27,Commercial,99831,2020-04-15
322,Hannah,Richard,hannah.richard@example.com,Designer UX/UI,0696629756,1991-08-03,Support,49430,2012-06-30
323,Sam,Laurent,sam.laurent@example.com,DevOps,0736486970,1975-04-02,Commercial,32144,2020-11-06
324,Oscar,Robert,oscar.robert@example.com,Data analyst,0893329288,1973-08-31,Comptabilité,61564,2019-12-28
325,Bob,Morel,bob.morel@example.com,Administrateur réseau,0733291971,1993-05-25,Comptabilité,31969,2013-10-21
326,Charlie,Durand,charlie.durand@example.com,Designer UX/UI,0977410467,1968-12-15,Informatique,90339,2013-08-27
327,Quentin,Simon,quentin.simon@example.com,Développeur,0737018686,1976-01-06,Comptabilité,71208,2021-11-16
328,Max,Robert,max.robert@example.com,Analyste,0721542088,1986-11-11,Ressources humaines,46125,2014-08-15
329,Bob,Laurent,bob.laurent@example.com,Chef de projet,0741638992,1965-05-13,Support,54757,2018-06-19
330,Alice,Simon,alice.simon@example.com,Data analyst,0894061715,1973-08-15,Ressources humaines,87290,2024-11-17
331,Rita,Garcia,rita.garcia@example.com,Analyste,0995163831,1967-06-18,Support,58724,2011-12-15
332,Tina,Roux,tina.roux@example.com,Analyste,0694454460,1961-10-28,Direction,57833,2010-05-10
333,Will,Girard,will.girard@example.com,Technicien système,0874788159,1966-11-10,Commercial,71561,2024-11-19
334,Alice,Laurent,alice.laurent@example.com,Chef de projet,0712497038,1962-12-14,Ressources humaines,99195,2014-09-13
335,Julia,Moreau,julia.moreau@example.com,Technicien système,0647449840,1991-02-12,Commercial,42767,2015-02-05
336,Tina,Laurent,tina.laurent@example.com,Consultant sécurité,0800157436,2000-11-12,Direction,88242,2018-03-13
337,Alice,Dupont,alice.dupont@example.com,Data engineer,0928828607,1962-12-23,Marketing,97266,2012-09-05
338,Hannah,Bertrand,hannah.bertrand@example.com,Designer UX/UI,0649654780,1987-02-17,Ressources humaines,75572,2020-03-30
339,Diana,Robert,diana.robert@example.com,Analyste,0640063572,1969-03-05,Support,72572,2018-04-26
340,Diana,Bernard,diana.bernard@example.com,Technicien système,0877977746,1964-01-21,Comptabilité,82838,2022-10-26
341,Hannah,Richard,hannah.richard@example.com,Chef de projet,0615269587,1968-12-14,Marketing,94114,2019-06-25
342,Sam,Michel,sam.michel@example.com,Designer UX/UI,0688777352,1970-08-07,Support,69339,2021-11-23
343,George,Bernard,george.bernard@example.com,Technicien système,0833751388,1969-10-15,Commercial,60612,2011-04-29
344,Will,Bertrand,will.bertrand@example.com,Designer UX/UI,0673173389,1967-12-04,Ressources humaines,44219,2022-03-21
345,Julia,Simon,julia.simon@example.com,Analyste,0866549326,1965-01-07,Comptabilité,68490,2017-06-11
346,Julia,Petit,julia.petit@example.com,Chef de projet,0957118260,1997-07-26,Informatique,74250,2023-11-14
347,Charlie,Girard,charlie.girard@example.com,Chef de projet,0812330168,1965-08-03,Marketing,68083,2012-09-07
348,Will,Roux,will.roux@example.com,Designer UX/UI,0628172325,1983-01-13,Informatique,50400,2016-05-15
349,Tina,David,tina.david@example.com,DevOps,0641528577,1989-04-04,Support,82898,2024-03-26
350,George,Girard,george.girard@example.com,DevOps,0956384514,1997-03-07,Ressources humaines,52735,2013-04-03
351,Yann,Morel,yann.morel@example.com,Data analyst,0720525037,1986-01-17,Comptabilité,40656,2011-01-18
352,Charlie,Moreau,charlie.moreau@example.com,Développeur,0989367132,1990-08-10,Marketing,38446,2016-09-25
353,Tina,Richard,tina.richard@example.com,Designer UX/UI,0830353086,1998-01-23,Ressources humaines,50356,2019-08-29
354,Quentin,Roux,quentin.roux@example.com,Analyste,0708862963,1981-02-06,Commercial,60374,2010-09-23
355,Ivan,Laurent,ivan.laurent@example.com,DevOps,0628047192,1970-09-21,Marketing,78314,2022-02-05
356,Ivan,Simon,ivan.simon@example.com,Administrateur réseau,0973229412,1962-08-11,Direction,65973,2013-08-31
357,Paula,Robert,paula.robert@example.com,Développeur,0900256705,1965-11-21,Informatique,67287,2017-09-29
358,Xenia,Martin,xenia.martin@example.com,Analyste,0889186806,1985-06-25,Direction,29017,2015-08-13
359,George,Bertrand,george.bertrand@example.com,Consultant sécurité,0728030888,1975-01-21,Direction,90989,2024-01-02
360,Kevin,David,kevin.david@example.com,Technicien système,0952720855,1969-09-16,Ressources humaines,33253,2015-08-27
361,Rita,Thomas,rita.thomas@example.com,Consultant sécurité,0959744454,1981-04-18,Commercial,83837,2020-01-05
362,Fiona,Dupont,fiona.dupont@example.com,Analyste,0688252944,1963-10-23,Ressources humaines,59134,2011-11-14
363,Will,Martin,will.martin@example.com,Consultant sécurité,0765083819,1960-04-17,Direction,92427,2015-09-04
364,Diana,Bernard,diana.bernard@example.com,Data engineer,0785516508,1960-04-27,Direction,70428,2011-05-24
365,Bob,Roux,bob.roux@example.com,Consultant sécurité,0828461006,1960-04-26,Comptabilité,28544,2024-12-08
366,Tina,Robert,tina.robert@example.com,Designer UX/UI,0943136083,1979-05-14,Commercial,95632,2023-07-28
367,Ugo,Vincent,ugo.vincent@example.com,Data engineer,0956633055,1984-10-07,Direction,32167,2016-10-15
368,Yann,Simon,yann.simon@example.com,Développeur,0844265602,1998-10-14,Commercial,64514,2016-11-09
369,Quentin,Thomas,quentin.thomas@example.com,DevOps,0786172748,1971-04-15,Marketing,71637,2018-05-07
370,Will,Petit,will.petit@example.com,Développeur,0760912956,1999-02-03,Comptabilité,97454,2010-10-03
371,Charlie,Simon,charlie.simon@example.com,Administrateur réseau,0987600326,2000-03-13,Comptabilité,39032,2019-04-04
372,Ethan,Fournier,ethan.fournier@example.com,Chef de projet,0984545375,1993-07-01,Direction,75414,2022-11-24
373,Oscar,Girard,oscar.girard@example.com,Data engineer,0857461892,1967-08-22,Support,76480,2013-03-29
374,Ivan,Durand,ivan.durand@example.com,Consultant sécurité,0679266829,1977-07-15,Direction,33731,2013-02-08
375,Laura,Durand,laura.durand@example.com,Data engineer,0921713538,1972-02-21,Informatique,75890,2016-03-09
376,Oscar,Bernard,oscar.bernard@example.com,Technicien système,0606392340,1982-11-27,Comptabilité,68621,2011-09-07
377,Max,Thomas,max.thomas@example.com,Administrateur réseau,0885588698,1993-01-05,Support,51396,2019-12-19
378,Julia,Roux,julia.roux@example.com,Développeur,0851445741,1976-03-13,Comptabilité,70550,2017-02-12
379,Rita,Roux,rita.roux@example.com,Data analyst,0996577536,1964-02-21,Ressources humaines,55503,2012-11-28
380,Fiona,David,fiona.david@example.com,Data engineer,0739609793,1979-01-03,Informatique,50269,2021-12-23
381,Julia,Durand,julia.durand@example.com,Développeur,0631832088,1987-05-17,Direction,98338,2021-05-15
382,Ivan,Dupont,ivan.dupont@example.com,Consultant sécurité,0978663735,2000-05-21,Support,68716,2013-12-03
383,Max,Bertrand,max.bertrand@example.com,Data engineer,0702789377,1983-05-04,Informatique,85450,2011-06-06
384,Vera,Fournier,vera.fournier@example.com,Designer UX/UI,0634321940,1966-08-27,Direction,59457,2020-04-19
385,Kevin,Garcia,kevin.garcia@example.com,DevOps,0797842266,1991-12-15,Marketing,60094,2017-05-24
386,Rita,Thomas,rita.thomas@example.com,Administrateur réseau,0863947681,1986-07-08,Ressources humaines,74148,2024-02-15
387,Yann,Richard,yann.richard@example.com,Data engineer,0845646268,1977-12-18,Marketing,38168,2011-09-01
388,Vera,Simon,vera.simon@example.com,Développeur,0687153687,1960-12-06,Commercial,96321,2019-09-02
389,Rita,Moreau,rita.moreau@example.com,Chef de projet,0772992330,1978-02-04,Marketing,93433,2020-10-26
390,George,Durand,george.durand@example.com,Data engineer,0649671937,1964-07-28,Marketing,99497,2019-12-08
391,Ugo,Girard,ugo.girard@example.com,DevOps,0851799560,1997-07-15,Ressources humaines,89316,2012-03-26
392,Oscar,Durand,oscar.durand@example.com,Designer UX/UI,0601069916,1984-02-01,Commercial,98468,2020-12-31
393,Will,Vincent,will.vincent@example.com,DevOps,0779047410,1984-10-19,Commercial,84052,2020-11-16
394,Max,Fournier,max.fournier@example.com,Chef de projet,0973242714,1988-10-04,Marketing,96526,2021-06-20
395,George,Martin,george.martin@example.com,DevOps,0737191424,1987-03-17,Informatique,70364,2018-07-13
396,Kevin,Michel,kevin.michel@example.com,Designer UX/UI,0656179388,1967-11-24,Informatique,89262,2023-07-12
397,Paula,Vincent,paula.vincent@example.com,Consultant sécurité,0646358587,1996-09-10,Commercial,64377,2019-09-21
398,Ethan,Laurent,ethan.laurent@example.com,Développeur,0917473136,1986-01-29,Informatique,93926,2019-03-22
399,Ivan,Garcia,ivan.garcia@example.com,Technicien système,0939230691,1974-06-15,Commercial,66235,2021-06-24
400,Quentin,Vincent,quentin.vincent@example.com,Administrateur réseau,0635848534,1976-04-18,Ressources humaines,54272,2020-04-09
401,Nina,Garcia,nina.garcia@example.com,Data analyst,0649295962,1989-07-29,Support,57643,2012-09-30
402,Paula,Durand,paula.durand@example.com,Designer UX/UI,0816606973,1992-05-26,Commercial,87044,2021-10-09
403,Oscar,Moreau,oscar.moreau@example.com,Designer UX/UI,0785724052,1996-10-23,Support,80513,2012-10-22
404,Will,Garcia,will.garcia@example.com,DevOps,0720631985,2000-06-15,Ressources humaines,45015,2022-12-13
405,Quentin,Morel,quentin.morel@example.com,Data engineer,0868611821,1985-09-28,Comptabilité,64031,2015-01-27
406,Nina,David,nina.david@example.com,DevOps,0720776235,1967-12-15,Direction,91845,2014-12-13
407,Diana,Bertrand,diana.bertrand@example.com,Développeur,0970665612,1980-09-07,Ressources humaines,35915,2020-06-06
408,Ugo,Roux,ugo.roux@example.com,DevOps,0828911520,1988-11-08,Direction,59780,2018-12-18
409,Kevin,Martin,kevin.martin@example.com,DevOps,0908388620,1960-01-24,Ressources humaines,58848,2021-02-24
410,Oscar,Michel,oscar.michel@example.com,Chef de projet,0602828108,1983-07-07,Marketing,29364,2023-06-08
411,Sam,Fournier,sam.fournier@example.com,Consultant sécurité,0767703686,1979-02-05,Marketing,85914,2012-01-24
412,Paula,Vincent,paula.vincent@example.com,Chef de projet,0836141697,1992-02-22,Ressources humaines,33763,2021-10-21
413,Zoé,Robert,zoé.robert@example.com,Technicien système,0668083913,1993-01-16,Informatique,62113,2013-07-06
414,Kevin,Girard,kevin.girard@example.com,Consultant sécurité,0860043697,1977-02-01,Marketing,94130,2011-09-15
415,Fiona,Laurent,fiona.laurent@example.com,Analyste,0846020567,1992-02-28,Support,57250,2020-08-15
416,Xenia,Fournier,xenia.fournier@example.com,Analyste,0817147976,1991-02-12,Comptabilité,51507,2020-01-04
417,Diana,Dupont,diana.dupont@example.com,Consultant sécurité,0609972088,1967-05-14,Support,55982,2022-03-18
418,Vera,Vincent,vera.vincent@example.com,Chef de projet,0945835116,1992-08-24,Direction,52914,2024-01-21
419,Alice,Fournier,alice.fournier@example.com,Analyste,0966281381,1978-07-12,Informatique,93840,2023-08-01
420,Paula,Laurent,paula.laurent@example.com,Analyste,0802501455,1980-09-15,Support,55715,2010-02-06
421,Vera,Robert,vera.robert@example.com,Consultant sécurité,0987198115,1966-10-28,Marketing,68805,2010-02-18
422,Ethan,Bernard,ethan.bernard@example.com,Technicien système,0999014025,1995-04-23,Ressources humaines,47244,2010-03-03
423,Vera,Girard,vera.girard@example.com,Développeur,0717119153,1999-01-21,Informatique,63242,2017-03-14
424,Vera,Bertrand,vera.bertrand@example.com,DevOps,0862932765,1978-09-09,Ressources humaines,87744,2010-01-14
425,Kevin,Fournier,kevin.fournier@example.com,Designer UX/UI,0760512593,1971-05-11,Direction,65960,2012-08-16
426,Fiona,Roux,fiona.roux@example.com,Technicien système,0909135258,2000-06-23,Support,50262,2014-12-09
427,Sam,Bernard,sam.bernard@example.com,Chef de projet,0761148709,1960-12-22,Commercial,39691,2024-07-30
428,Hannah,David,hannah.david@example.com,Data analyst,0955716402,1983-04-01,Support,88418,2023-12-09
429,Ethan,Michel,ethan.michel@example.com,Data analyst,0823504351,1997-07-30,Comptabilité,28387,2013-08-06
430,Oscar,Vincent,oscar.vincent@example.com,DevOps,0838081962,1992-01-05,Commercial,65318,2016-03-02
431,Nina,Michel,nina.michel@example.com,Consultant sécurité,0930668207,1988-09-09,Comptabilité,90726,2018-06-12
432,Diana,Morel,diana.morel@example.com,Développeur,0764371609,1980-06-27,Comptabilité,34535,2011-11-19
433,Rita,Simon,rita.simon@example.com,Chef de projet,0827857102,1963-11-13,Support,79281,2012-03-17
434,Oscar,Petit,oscar.petit@example.com,Consultant sécurité,0824818374,1993-04-18,Informatique,39070,2021-02-20
435,Ethan,Fournier,ethan.fournier@example.com,Technicien système,0777400437,1978-02-08,Ressources humaines,38133,2018-01-02
436,Nina,David,nina.david@example.com,Data engineer,0947024206,1964-06-23,Ressources humaines,85765,2013-04-10
437,Hannah,Garcia,hannah.garcia@example.com,Développeur,0962925075,1995-10-03,Comptabilité,88260,2018-04-29
438,Tina,Bertrand,tina.bertrand@example.com,Analyste,0822391528,1975-02-09,Informatique,92002,2016-08-05
439,Hannah,Michel,hannah.michel@example.com,Technicien système,0860740159,1974-03-28,Direction,37910,2020-09-01
440,Ethan,Richard,ethan.richard@example.com,Data analyst,0637678512,1963-02-20,Commercial,29371,2017-08-11
441,Paula,Vincent,paula.vincent@example.com,Data analyst,0774461666,1977-07-19,Marketing,77948,2018-01-15
442,Laura,Bernard,laura.bernard@example.com,DevOps,0936602213,1962-01-17,Ressources humaines,97913,2017-12-05
443,Ethan,Fournier,ethan.fournier@example.com,Technicien système,0640436971,1998-06-22,Marketing,80881,2016-12-01
444,Bob,Garcia,bob.garcia@example.com,Développeur,0749242158,1977-02-18,Informatique,31017,2022-08-18
445,Will,Bernard,will.bernard@example.com,Technicien système,0609024924,1971-01-28,Comptabilité,58193,2018-10-05
446,George,Roux,george.roux@example.com,Chef de projet,0724496295,1975-12-15,Comptabilité,75091,2023-06-16
447,Rita,Michel,rita.michel@example.com,Designer UX/UI,0955966898,1985-01-23,Commercial,93521,2022-05-30
448,Ivan,Simon,ivan.simon@example.com,Designer UX/UI,0955990753,1971-08-20,Direction,54043,2014-05-31
449,Rita,Thomas,rita.thomas@example.com,Consultant sécurité,0739400232,1993-10-11,Ressources humaines,47128,2024-12-01
450,Zoé,Fournier,zoé.fournier@example.com,Analyste,0623867451,1978-11-29,Direction,40390,2023-09-18
451,Nina,Roux,nina.roux@example.com,Développeur,0964984040,1995-09-10,Commercial,54147,2013-08-02
452,Bob,Thomas,bob.thomas@example.com,Développeur,0920960613,1979-08-29,Direction,89691,2015-05-02
453,Ivan,Michel,ivan.michel@example.com,Analyste,0684621331,1990-08-22,Comptabilité,86590,2022-06-20
454,Hannah,Roux,hannah.roux@example.com,Analyste,0918667191,1968-12-23,Support,65550,2011-04-05
455,Laura,Vincent,laura.vincent@example.com,DevOps,0793180435,1968-07-19,Marketing,75916,2010-12-08
456,Alice,Martin,alice.martin@example.com,Data engineer,0967351417,1993-08-18,Support,86014,2012-09-27
457,Diana,Girard,diana.girard@example.com,Chef de projet,0758767401,1981-05-11,Commercial,33569,2024-01-06
458,Julia,Bertrand,julia.bertrand@example.com,Consultant sécurité,0757069830,1971-02-20,Support,90857,2013-07-27
459,Tina,Richard,tina.richard@example.com,Analyste,0780763505,1981-10-31,Informatique,81620,2016-02-28
460,Rita,Laurent,rita.laurent@example.com,Chef de projet,0754289862,1979-11-08,Marketing,93597,2017-06-11
461,Rita,Durand,rita.durand@example.com,Data engineer,0985267868,1980-05-06,Commercial,54354,2017-05-29
462,Paula,Laurent,paula.laurent@example.com,DevOps,0912315537,1993-08-20,Comptabilité,70462,2020-01-06
463,Laura,Morel,laura.morel@example.com,Consultant sécurité,0747840883,1993-03-22,Commercial,86695,2015-03-04
464,Will,Roux,will.roux@example.com,Développeur,0785874829,1986-01-13,Ressources humaines,76697,2018-11-28
465,Hannah,Girard,hannah.girard@example.com,Data analyst,0993031067,1972-12-30,Support,79946,2022-05-13
466,Will,Bertrand,will.bertrand@example.com,Technicien système,0993039677,1996-07-12,Marketing,79443,2012-03-19
467,Julia,Durand,julia.durand@example.com,Technicien système,0668948902,1968-12-15,Direction,86270,2012-12-20
468,Quentin,Fournier,quentin.fournier@example.com,Analyste,0753257319,1967-04-16,Direction,70337,2012-03-18
469,Max,Fournier,max.fournier@example.com,Analyste,0616036679,1963-10-10,Informatique,90770,2019-11-21
470,Xenia,Martin,xenia.martin@example.com,Analyste,0861703766,1966-09-29,Ressources humaines,31364,2022-12-27
471,Kevin,Moreau,kevin.moreau@example.com,Développeur,0726312504,1995-06-29,Comptabilité,73169,2019-11-16
472,Laura,Petit,laura.petit@example.com,Consultant sécurité,0610706518,1971-06-27,Support,90239,2018-06-30
473,Diana,Simon,diana.simon@example.com,Data analyst,0848778155,1960-07-10,Support,44843,2019-03-14
474,Ivan,Girard,ivan.girard@example.com,Chef de projet,0889636104,1984-01-19,Comptabilité,75414,2016-06-02
475,Max,Martin,max.martin@example.com,Technicien système,0665544289,1966-10-25,Ressources humaines,88692,2010-11-27
476,Diana,Michel,diana.michel@example.com,Designer UX/UI,0708437695,1991-03-05,Commercial,98194,2015-03-29
477,Yann,Dupont,yann.dupont@example.com,DevOps,0832461943,1976-08-13,Marketing,31220,2019-05-02
478,Kevin,Bernard,kevin.bernard@example.com,Technicien système,0937653098,1995-02-06,Comptabilité,75073,2023-02-26
479,Ethan,Laurent,ethan.laurent@example.com,Consultant sécurité,0985879408,1996-10-01,Marketing,69309,2010-08-11
480,Julia,Bernard,julia.bernard@example.com,Technicien système,0657948407,1961-06-14,Comptabilité,69856,2017-03-08
481,Ivan,Durand,ivan.durand@example.com,Consultant sécurité,0649535273,1999-09-25,Direction,35214,2011-12-06
482,Ugo,Fournier,ugo.fournier@example.com,Administrateur réseau,0830537649,1966-02-23,Support,48074,2014-06-10
483,Alice,Simon,alice.simon@example.com,Consultant sécurité,0781491027,1969-01-03,Informatique,42852,2023-02-13
484,Charlie,Petit,charlie.petit@example.com,Designer UX/UI,0611090261,1968-08-13,Support,91268,2012-12-21
485,Max,Morel,max.morel@example.com,Consultant sécurité,0843745316,1986-04-09,Commercial,59966,2022-12-31
486,Max,Moreau,max.moreau@example.com,Technicien système,0862099148,1996-02-12,Marketing,81558,2016-02-27
487,Diana,Morel,diana.morel@example.com,Administrateur réseau,0741882664,1995-10-15,Marketing,74279,2010-04-01
488,Fiona,David,fiona.david@example.com,Designer UX/UI,0692111739,2000-09-04,Comptabilité,66668,2021-01-27
489,Quentin,Thomas,quentin.thomas@example.com,DevOps,0804860710,1976-02-24,Informatique,52016,2011-03-18
490,Sam,Durand,sam.durand@example.com,Administrateur réseau,0686274001,1961-01-22,Comptabilité,95806,2014-01-29
491,Nina,Martin,nina.martin@example.com,Consultant sécurité,0969025904,1976-12-31,Marketing,54681,2020-10-25
492,Laura,Robert,laura.robert@example.com,Technicien système,0613745281,1974-01-28,Informatique,30229,2024-10-07
493,Yann,Thomas,yann.thomas@example.com,Designer UX/UI,0923499988,1971-12-26,Commercial,99011,2015-08-17
494,Ivan,Simon,ivan.simon@example.com,Technicien système,0615118040,1971-11-29,Ressources humaines,31568,2022-06-30
495,Laura,Bertrand,laura.bertrand@example.com,Data analyst,0968109780,1969-06-07,Informatique,59053,2024-01-13
496,Rita,Girard,rita.girard@example.com,Consultant sécurité,0888553617,1973-02-06,Ressources humaines,35693,2024-10-07
497,Bob,Bertrand,bob.bertrand@example.com,Data engineer,0714187983,1996-10-09,Comptabilité,66440,2011-12-18
498,Ethan,Girard,ethan.girard@example.com,Analyste,0656810927,1975-10-11,Direction,90221,2012-11-24
499,Ugo,Vincent,ugo.vincent@example.com,Technicien système,0931085071,1996-05-18,Informatique,78137,2023-03-24
500,Paula,Robert,paula.robert@example.com,Administrateur réseau,0944219257,1964-11-02,Comptabilité,36344,2023-09-13
